0.00	-6.85
0.05	-6.84
0.10	-6.86
0.15	-6.85
0.20	-6.84
0.25	-6.86
0.30	-6.86
0.35	-6.85
0.40	-6.86
0.45	-6.86
0.50	-6.87
0.55	-6.85
0.60	-6.87
0.65	-6.86
0.70	-6.86
0.75	-6.88
0.80	-6.87
0.85	-6.87
0.90	-6.89
0.94	-6.87
0.99	-6.89
1.04	-6.90
1.09	-6.92
1.14	-6.91
1.19	-6.90
1.24	-6.91
1.29	-6.93
1.34	-6.92
1.39	-6.93
1.44	-6.95
1.49	-6.95
1.54	-6.96
1.59	-6.97
1.64	-6.98
1.69	-6.97
1.74	-7.00
1.79	-7.00
1.84	-7.03
1.89	-7.03
1.94	-7.03
1.99	-7.05
2.04	-7.04
2.09	-7.06
2.14	-7.06
2.19	-7.11
2.24	-7.10
2.29	-7.13
2.34	-7.14
2.39	-7.11
2.44	-7.16
2.49	-7.16
2.54	-7.18
2.59	-7.19
2.64	-7.20
2.69	-7.21
2.73	-7.22
2.78	-7.24
2.83	-7.25
2.88	-7.26
2.93	-7.27
2.98	-7.30
3.03	-7.30
3.08	-7.32
3.13	-7.32
3.18	-7.35
3.23	-7.35
3.28	-7.34
3.33	-7.39
3.38	-7.41
3.43	-7.40
3.48	-7.42
3.53	-7.46
3.58	-7.49
3.63	-7.50
3.68	-7.49
3.73	-7.50
3.78	-7.54
3.83	-7.55
3.88	-7.57
3.93	-7.58
3.98	-7.60
4.03	-7.61
4.08	-7.64
4.13	-7.67
4.18	-7.69
4.23	-7.69
4.28	-7.72
4.33	-7.75
4.38	-7.77
4.43	-7.78
4.48	-7.80
4.52	-7.82
4.57	-7.85
4.62	-7.86
4.67	-7.90
4.72	-7.93
4.77	-7.94
4.82	-8.00
4.87	-8.00
4.92	-8.03
4.97	-8.04
5.02	-8.06
5.07	-8.08
5.12	-8.10
5.17	-8.12
5.22	-8.16
5.27	-8.16
5.32	-8.20
5.37	-8.24
5.42	-8.26
5.47	-8.30
5.52	-8.33
5.57	-8.35
5.62	-8.38
5.67	-8.41
5.72	-8.42
5.77	-8.46
5.82	-8.49
5.87	-8.51
5.92	-8.57
5.97	-8.56
6.02	-8.62
6.07	-8.64
6.12	-8.67
6.17	-8.71
6.22	-8.74
6.27	-8.77
6.31	-8.80
6.36	-8.82
6.41	-8.84
6.46	-8.88
6.51	-8.92
6.56	-8.95
6.61	-9.00
6.66	-9.00
6.71	-9.05
6.76	-9.09
6.81	-9.10
6.86	-9.15
6.91	-9.17
6.96	-9.23
7.01	-9.24
7.06	-9.29
7.11	-9.33
7.16	-9.36
7.21	-9.40
7.26	-9.42
7.31	-9.49
7.36	-9.52
7.41	-9.54
7.46	-9.58
7.51	-9.61
7.56	-9.66
7.61	-9.67
7.66	-9.73
7.71	-9.79
7.76	-9.81
7.81	-9.88
7.86	-9.93
7.91	-9.94
7.96	-10.00
8.01	-10.01
8.06	-10.05
8.10	-10.10
8.15	-10.13
8.20	-10.19
8.25	-10.23
8.30	-10.29
8.35	-10.31
8.40	-10.36
8.45	-10.41
8.50	-10.44
8.55	-10.50
8.60	-10.55
8.65	-10.57
8.70	-10.67
8.75	-10.69
8.80	-10.74
8.85	-10.80
8.90	-10.83
8.95	-10.87
9.00	-10.90
9.05	-10.96
9.10	-11.04
9.15	-11.06
9.20	-11.13
9.25	-11.14
9.30	-11.19
9.35	-11.25
9.40	-11.31
9.45	-11.37
9.50	-11.40
9.55	-11.45
9.60	-11.53
9.65	-11.57
9.70	-11.61
9.75	-11.71
9.80	-11.72
9.85	-11.77
9.90	-11.82
9.94	-11.93
9.99	-11.95
10.04	-12.03
10.09	-12.05
10.14	-12.09
10.19	-12.16
10.24	-12.21
10.29	-12.30
10.34	-12.36
10.39	-12.42
10.44	-12.46
10.49	-12.54
10.54	-12.56
10.59	-12.65
10.64	-12.68
10.69	-12.77
10.74	-12.82
10.79	-12.90
10.84	-12.94
10.89	-13.01
10.94	-13.10
10.99	-13.16
11.04	-13.22
11.09	-13.30
11.14	-13.39
11.19	-13.42
11.24	-13.51
11.29	-13.63
11.34	-13.63
11.39	-13.68
11.44	-13.75
11.49	-13.84
11.54	-13.97
11.59	-14.00
11.64	-14.05
11.69	-14.14
11.73	-14.15
11.78	-14.34
11.83	-14.34
11.88	-14.44
11.93	-14.52
11.98	-14.56
12.03	-14.69
12.08	-14.76
12.13	-14.79
12.18	-14.96
12.23	-15.00
12.28	-15.10
12.33	-15.13
12.38	-15.24
12.43	-15.34
12.48	-15.36
12.53	-15.44
12.58	-15.58
12.63	-15.70
12.68	-15.76
12.73	-15.84
12.78	-15.88
12.83	-16.00
12.88	-16.15
12.93	-16.15
12.98	-16.26
13.03	-16.36
13.08	-16.49
13.13	-16.58
13.18	-16.66
13.23	-16.71
13.28	-16.88
13.33	-16.96
13.38	-17.01
13.43	-17.21
13.48	-17.26
13.52	-17.34
13.57	-17.43
13.62	-17.53
13.67	-17.57
13.72	-17.72
13.77	-17.92
13.82	-17.96
13.87	-18.07
13.92	-18.22
13.97	-18.35
14.02	-18.41
14.07	-18.60
14.12	-18.66
14.17	-18.76
14.22	-18.87
14.27	-19.04
14.32	-19.08
14.37	-19.17
14.42	-19.33
14.47	-19.54
14.52	-19.60
14.57	-19.71
14.62	-19.89
14.67	-19.97
14.72	-20.03
14.77	-20.33
14.82	-20.38
14.87	-20.54
14.92	-20.64
14.97	-20.87
15.02	-20.85
15.07	-21.12
15.12	-21.29
15.17	-21.42
15.22	-21.65
15.27	-21.67
15.31	-21.83
15.36	-22.00
15.41	-22.27
15.46	-22.40
15.51	-22.45
15.56	-22.68
15.61	-22.81
15.66	-23.01
15.71	-23.28
15.76	-23.18
15.81	-23.59
15.86	-23.67
15.91	-23.93
15.96	-24.01
16.01	-24.26
16.06	-24.43
16.11	-24.62
16.16	-24.81
16.21	-25.01
16.26	-25.25
16.31	-25.57
16.36	-25.81
16.41	-25.99
16.46	-26.30
16.51	-26.37
16.56	-26.66
16.61	-26.84
16.66	-27.29
16.71	-27.47
16.76	-27.69
16.81	-27.98
16.86	-28.35
16.91	-28.38
16.96	-28.69
17.01	-28.99
17.06	-29.40
17.10	-29.44
17.15	-29.67
17.20	-29.96
17.25	-30.53
17.30	-30.55
17.35	-30.53
17.40	-30.95
17.45	-31.19
17.50	-31.67
17.55	-31.82
17.60	-32.10
17.65	-32.22
17.70	-32.59
17.75	-32.30
17.80	-32.38
17.85	-32.67
17.90	-32.69
17.95	-32.51
18.00	-32.91
18.05	-32.97
18.10	-32.73
18.15	-32.83
18.20	-32.50
18.25	-32.36
18.30	-31.94
18.35	-32.36
18.40	-32.07
18.45	-31.63
18.50	-31.76
18.55	-31.18
18.60	-31.04
18.65	-31.07
18.70	-30.66
18.75	-30.62
18.80	-30.25
18.85	-30.34
18.90	-29.56
18.94	-29.95
18.99	-29.51
19.04	-29.30
19.09	-28.86
19.14	-28.67
19.19	-28.64
19.24	-28.50
19.29	-28.35
19.34	-27.94
19.39	-27.69
19.44	-27.50
19.49	-27.27
19.54	-27.26
19.59	-27.07
19.64	-26.94
19.69	-26.66
19.74	-26.32
19.79	-26.28
19.84	-26.24
19.89	-25.82
19.94	-25.85
19.99	-25.71
20.04	-25.51
20.09	-25.49
20.14	-25.33
20.19	-25.14
20.24	-24.82
20.29	-24.81
20.34	-24.62
20.39	-24.47
20.44	-24.28
20.49	-24.25
20.54	-24.06
20.59	-23.88
20.64	-23.77
20.69	-23.62
20.73	-23.56
20.78	-23.37
20.83	-23.23
20.88	-23.15
20.93	-23.03
20.98	-23.00
21.03	-22.73
21.08	-22.68
21.13	-22.74
21.18	-22.50
21.23	-22.43
21.28	-22.43
21.33	-22.33
21.38	-22.15
21.43	-22.06
21.48	-21.99
21.53	-21.85
21.58	-21.66
21.63	-21.75
21.68	-21.57
21.73	-21.48
21.78	-21.44
21.83	-21.36
21.88	-21.25
21.93	-21.29
21.98	-21.10
22.03	-21.11
22.08	-21.05
22.13	-21.00
22.18	-21.00
22.23	-20.80
22.28	-20.77
22.33	-20.74
22.38	-20.55
22.43	-20.54
22.48	-20.49
22.52	-20.34
22.57	-20.42
22.62	-20.32
22.67	-20.26
22.72	-20.09
22.77	-20.12
22.82	-20.11
22.87	-19.95
22.92	-19.97
22.97	-19.88
23.02	-19.85
23.07	-19.80
23.12	-19.70
23.17	-19.61
23.22	-19.63
23.27	-19.52
23.32	-19.57
23.37	-19.46
23.42	-19.46
23.47	-19.32
23.52	-19.25
23.57	-19.30
23.62	-19.24
23.67	-19.20
23.72	-19.18
23.77	-19.13
23.82	-19.12
23.87	-18.99
23.92	-19.00
23.97	-19.01
24.02	-18.92
24.07	-18.88
24.12	-18.86
24.17	-18.85
24.22	-18.82
24.27	-18.69
24.31	-18.72
24.36	-18.69
24.41	-18.62
24.46	-18.54
24.51	-18.64
24.56	-18.59
24.61	-18.52
24.66	-18.44
24.71	-18.52
24.76	-18.44
24.81	-18.43
24.86	-18.43
24.91	-18.47
24.96	-18.33
25.01	-18.34
25.06	-18.32
25.11	-18.32
25.16	-18.31
25.21	-18.30
25.26	-18.30
25.31	-18.22
25.36	-18.23
25.41	-18.19
25.46	-18.16
25.51	-18.08
25.56	-18.11
25.61	-18.16
25.66	-18.09
25.71	-18.16
25.76	-18.10
25.81	-18.18
25.86	-18.07
25.91	-18.07
25.96	-18.04
26.01	-18.16
26.06	-18.02
26.10	-17.99
26.15	-17.99
26.20	-18.08
26.25	-18.03
26.30	-18.07
26.35	-18.03
26.40	-18.08
26.45	-18.10
26.50	-18.01
26.55	-17.97
26.60	-18.00
26.65	-18.01
26.70	-18.03
26.75	-18.07
26.80	-18.08
26.85	-18.05
26.90	-17.95
26.95	-17.98
27.00	-18.01
27.05	-18.04
27.10	-18.09
27.15	-18.01
27.20	-18.06
27.25	-18.06
27.30	-18.07
27.35	-18.06
27.40	-18.03
27.45	-18.07
27.50	-18.07
27.55	-18.12
27.60	-18.10
27.65	-18.14
27.70	-18.12
27.75	-18.25
27.80	-18.17
27.85	-18.19
27.90	-18.24
27.94	-18.22
27.99	-18.20
28.04	-18.29
28.09	-18.34
28.14	-18.27
28.19	-18.26
28.24	-18.33
28.29	-18.37
28.34	-18.43
28.39	-18.41
28.44	-18.48
28.49	-18.54
28.54	-18.49
28.59	-18.59
28.64	-18.63
28.69	-18.56
28.74	-18.60
28.79	-18.59
28.84	-18.63
28.89	-18.72
28.94	-18.73
28.99	-18.68
29.04	-18.73
29.09	-18.77
29.14	-18.79
29.19	-18.91
29.24	-18.89
29.29	-18.98
29.34	-19.00
29.39	-19.05
29.44	-19.03
29.49	-19.11
29.54	-19.08
29.59	-19.17
29.64	-19.19
29.69	-19.23
29.73	-19.30
29.78	-19.27
29.83	-19.39
29.88	-19.40
29.93	-19.53
29.98	-19.50
30.03	-19.52
30.08	-19.54
30.13	-19.58
30.18	-19.65
30.23	-19.74
30.28	-19.84
30.33	-19.90
30.38	-19.87
30.43	-19.99
30.48	-20.02
30.53	-20.01
30.58	-20.13
30.63	-20.12
30.68	-20.23
30.73	-20.27
30.78	-20.40
30.83	-20.36
30.88	-20.38
30.93	-20.58
30.98	-20.62
31.03	-20.64
31.08	-20.76
31.13	-20.84
31.18	-20.86
31.23	-20.95
31.28	-21.05
31.33	-21.07
31.38	-21.17
31.43	-21.20
31.48	-21.30
31.52	-21.35
31.57	-21.40
31.62	-21.61
31.67	-21.60
31.72	-21.71
31.77	-21.74
31.82	-21.84
31.87	-22.02
31.92	-22.09
31.97	-22.08
32.02	-22.14
32.07	-22.34
32.12	-22.33
32.17	-22.52
32.22	-22.54
32.27	-22.64
32.32	-22.74
32.37	-22.85
32.42	-22.91
32.47	-22.99
32.52	-23.00
32.57	-23.12
32.62	-23.33
32.67	-23.39
32.72	-23.56
32.77	-23.76
32.82	-23.90
32.87	-23.85
32.92	-23.98
32.97	-24.23
33.02	-24.28
33.07	-24.47
33.12	-24.63
33.17	-24.73
33.22	-24.88
33.27	-25.11
33.31	-25.34
33.36	-25.32
33.41	-25.66
33.46	-25.50
33.51	-25.94
33.56	-26.05
33.61	-26.12
33.66	-26.46
33.71	-26.50
33.76	-26.84
33.81	-26.91
33.86	-27.15
33.91	-27.18
33.96	-27.32
34.01	-27.55
34.06	-27.59
34.11	-28.05
34.16	-28.17
34.21	-28.56
34.26	-28.75
34.31	-29.03
34.36	-29.12
34.41	-29.36
34.46	-29.63
34.51	-30.29
34.56	-29.95
34.61	-30.42
34.66	-30.94
34.71	-31.09
34.76	-31.41
34.81	-31.50
34.86	-32.01
34.91	-32.37
34.96	-32.89
35.01	-33.03
35.06	-33.09
35.10	-34.07
35.15	-34.01
35.20	-34.43
35.25	-34.68
35.30	-36.53
35.35	-35.91
35.40	-36.51
35.45	-37.20
35.50	-37.18
35.55	-37.95
35.60	-38.99
35.65	-40.56
35.70	-42.02
35.75	-42.33
35.80	-43.59
35.85	-43.22
35.90	-43.68
35.95	-48.94
36.00	-45.71
36.05	-48.83
36.10	-50.54
36.15	-49.56
36.20	-47.14
36.25	-49.38
36.30	-46.07
36.35	-45.97
36.40	-44.94
36.45	-42.29
36.50	-41.66
36.55	-41.08
36.60	-40.45
36.65	-39.30
36.70	-39.28
36.75	-38.59
36.80	-37.41
36.85	-36.65
36.90	-36.55
36.94	-35.67
36.99	-35.29
37.04	-34.72
37.09	-34.64
37.14	-34.41
37.19	-33.85
37.24	-33.41
37.29	-33.64
37.34	-32.42
37.39	-32.36
37.44	-32.11
37.49	-31.99
37.54	-31.79
37.59	-31.21
37.64	-30.98
37.69	-30.72
37.74	-30.52
37.79	-30.04
37.84	-29.95
37.89	-29.66
37.94	-29.56
37.99	-29.31
38.04	-29.10
38.09	-28.82
38.14	-28.72
38.19	-28.54
38.24	-28.37
38.29	-28.26
38.34	-27.91
38.39	-27.94
38.44	-27.64
38.49	-27.40
38.54	-27.33
38.59	-27.09
38.64	-27.11
38.69	-27.04
38.73	-26.76
38.78	-26.74
38.83	-26.69
38.88	-26.43
38.93	-26.34
38.98	-26.22
39.03	-26.09
39.08	-25.96
39.13	-25.85
39.18	-25.79
39.23	-25.65
39.28	-25.68
39.33	-25.46
39.38	-25.33
39.43	-25.24
39.48	-25.24
39.53	-24.94
39.58	-24.78
39.63	-24.94
39.68	-24.72
39.73	-24.54
39.78	-24.50
39.83	-24.45
39.88	-24.10
39.93	-24.27
39.98	-24.00
40.03	-24.10
40.08	-24.19
40.13	-24.06
40.18	-23.74
40.23	-23.79
40.28	-23.58
40.33	-23.63
40.38	-23.61
40.43	-23.48
40.48	-23.51
40.52	-23.38
40.57	-23.31
40.62	-23.24
40.67	-23.08
40.72	-23.20
40.77	-23.00
40.82	-23.11
40.87	-23.02
40.92	-23.01
40.97	-22.87
41.02	-22.85
41.07	-22.84
41.12	-22.76
41.17	-22.84
41.22	-22.67
41.27	-22.66
41.32	-22.55
41.37	-22.49
41.42	-22.46
41.47	-22.53
41.52	-22.48
41.57	-22.36
41.62	-22.27
41.67	-22.35
41.72	-22.30
41.77	-22.29
41.82	-22.30
41.87	-22.18
41.92	-22.27
41.97	-22.20
42.02	-22.20
42.07	-22.18
42.12	-22.16
42.17	-22.11
42.22	-22.14
42.27	-22.09
42.31	-21.98
42.36	-21.93
42.41	-21.93
42.46	-21.99
42.51	-22.06
42.56	-21.95
42.61	-21.82
42.66	-21.92
42.71	-21.84
42.76	-21.91
42.81	-21.90
42.86	-21.84
42.91	-21.86
42.96	-21.83
43.01	-21.80
43.06	-21.74
43.11	-21.79
43.16	-21.81
43.21	-21.74
43.26	-21.76
43.31	-21.75
43.36	-21.71
43.41	-21.87
43.46	-21.73
43.51	-21.75
43.56	-21.71
43.61	-21.70
43.66	-21.78
43.71	-21.82
43.76	-21.76
43.81	-21.84
43.86	-21.78
43.91	-21.78
43.96	-21.90
44.01	-21.83
44.06	-21.90
44.10	-21.91
44.15	-21.86
44.20	-21.87
44.25	-21.97
44.30	-21.93
44.35	-22.01
44.40	-22.08
44.45	-22.05
44.50	-22.06
44.55	-22.02
44.60	-22.10
44.65	-22.14
44.70	-22.19
44.75	-22.22
44.80	-22.16
44.85	-22.31
44.90	-22.31
44.95	-22.29
45.00	-22.31
45.05	-22.30
45.10	-22.35
45.15	-22.38
45.20	-22.33
45.25	-22.40
45.30	-22.56
45.35	-22.50
45.40	-22.56
45.45	-22.56
45.50	-22.59
45.55	-22.65
45.60	-22.72
45.65	-22.62
45.70	-22.81
45.75	-22.84
45.80	-22.91
45.85	-22.93
45.90	-22.90
45.94	-22.91
45.99	-22.90
46.04	-23.02
46.09	-23.19
46.14	-23.11
46.19	-23.27
46.24	-23.22
46.29	-23.35
46.34	-23.39
46.39	-23.45
46.44	-23.55
46.49	-23.49
46.54	-23.74
46.59	-23.68
46.64	-23.84
46.69	-23.58
46.74	-23.74
46.79	-24.03
46.84	-24.08
46.89	-24.08
46.94	-24.04
46.99	-24.23
47.04	-24.20
47.09	-24.38
47.14	-24.48
47.19	-24.43
47.24	-24.65
47.29	-24.71
47.34	-24.74
47.39	-24.87
47.44	-25.08
47.49	-25.05
47.54	-24.98
47.59	-25.15
47.64	-25.14
47.69	-25.31
47.73	-25.13
47.78	-25.32
47.83	-25.66
47.88	-25.64
47.93	-25.71
47.98	-25.87
48.03	-25.86
48.08	-25.87
48.13	-26.06
48.18	-26.12
48.23	-26.11
48.28	-26.39
48.33	-26.26
48.38	-26.38
48.43	-26.42
48.48	-26.36
48.53	-26.63
48.58	-26.73
48.63	-26.75
48.68	-26.81
48.73	-26.96
48.78	-27.12
48.83	-26.96
48.88	-27.26
48.93	-27.20
48.98	-27.29
49.03	-27.20
49.08	-27.44
49.13	-27.33
49.18	-27.35
49.23	-27.55
49.28	-27.56
49.33	-27.62
49.38	-27.63
49.43	-27.67
49.48	-27.61
49.52	-27.65
49.57	-27.58
49.62	-27.72
49.67	-27.80
49.72	-27.82
49.77	-27.81
49.82	-27.70
49.87	-27.94
49.92	-27.90
49.97	-27.93
50.02	-27.87
50.07	-27.81
50.12	-27.85
50.17	-27.79
50.22	-27.75
50.27	-27.75
50.32	-27.66
50.37	-27.78
50.42	-27.61
50.47	-27.66
50.52	-27.79
50.57	-27.82
50.62	-27.56
50.67	-27.38
50.72	-27.40
50.77	-27.46
50.82	-27.34
50.87	-27.23
50.92	-26.97
50.97	-26.91
51.02	-27.23
51.07	-26.96
51.12	-26.88
51.17	-26.92
51.22	-26.91
51.27	-26.56
51.31	-26.50
51.36	-26.32
51.41	-26.17
51.46	-26.16
51.51	-26.17
51.56	-26.07
51.61	-25.89
51.66	-25.82
51.71	-25.82
51.76	-25.85
51.81	-25.57
51.86	-25.38
51.91	-25.35
51.96	-25.31
52.01	-25.26
52.06	-25.02
52.11	-25.04
52.16	-24.79
52.21	-24.83
52.26	-24.72
52.31	-24.56
52.36	-24.48
52.41	-24.43
52.46	-24.23
52.51	-24.31
52.56	-24.16
52.61	-24.07
52.66	-24.03
52.71	-23.80
52.76	-23.68
52.81	-23.74
52.86	-23.45
52.91	-23.49
52.96	-23.43
53.01	-23.37
53.06	-23.16
53.10	-23.10
53.15	-23.00
53.20	-22.91
53.25	-22.82
53.30	-22.72
53.35	-22.72
53.40	-22.63
53.45	-22.42
53.50	-22.44
53.55	-22.27
53.60	-22.23
53.65	-22.07
53.70	-22.14
53.75	-22.11
53.80	-22.03
53.85	-21.98
53.90	-21.87
53.95	-21.81
54.00	-21.71
54.05	-21.61
54.10	-21.60
54.15	-21.52
54.20	-21.50
54.25	-21.29
54.30	-21.37
54.35	-21.21
54.40	-21.17
54.45	-21.07
54.50	-21.11
54.55	-21.01
54.60	-20.88
54.65	-20.85
54.70	-20.66
54.75	-20.80
54.80	-20.71
54.85	-20.69
54.90	-20.63
54.94	-20.53
54.99	-20.48
55.04	-20.46
55.09	-20.38
55.14	-20.33
55.19	-20.34
55.24	-20.27
55.29	-20.15
55.34	-20.06
55.39	-20.12
55.44	-20.05
55.49	-20.01
55.54	-19.95
55.59	-19.89
55.64	-19.88
55.69	-19.83
55.74	-19.76
55.79	-19.74
55.84	-19.68
55.89	-19.72
55.94	-19.73
55.99	-19.59
56.04	-19.54
56.09	-19.55
56.14	-19.49
56.19	-19.48
56.24	-19.38
56.29	-19.36
56.34	-19.23
56.39	-19.21
56.44	-19.27
56.49	-19.21
56.54	-19.19
56.59	-19.09
56.64	-19.21
56.69	-19.11
56.73	-19.14
56.78	-19.13
56.83	-19.09
56.88	-19.01
56.93	-18.89
56.98	-18.93
57.03	-18.87
57.08	-18.92
57.13	-18.88
57.18	-18.79
57.23	-18.85
57.28	-18.84
57.33	-18.92
57.38	-18.77
57.43	-18.70
57.48	-18.79
57.53	-18.72
57.58	-18.68
57.63	-18.72
57.68	-18.70
57.73	-18.70
57.78	-18.64
57.83	-18.48
57.88	-18.61
57.93	-18.56
57.98	-18.56
58.03	-18.56
58.08	-18.54
58.13	-18.52
58.18	-18.48
58.23	-18.48
58.28	-18.52
58.33	-18.45
58.38	-18.50
58.43	-18.52
58.48	-18.47
58.52	-18.41
58.57	-18.51
58.62	-18.50
58.67	-18.49
58.72	-18.46
58.77	-18.41
58.82	-18.46
58.87	-18.50
58.92	-18.45
58.97	-18.41
59.02	-18.42
59.07	-18.48
59.12	-18.41
59.17	-18.48
59.22	-18.44
59.27	-18.49
59.32	-18.48
59.37	-18.46
59.42	-18.51
59.47	-18.51
59.52	-18.51
59.57	-18.50
59.62	-18.46
59.67	-18.46
59.72	-18.57
59.77	-18.55
59.82	-18.46
59.87	-18.56
59.92	-18.57
59.97	-18.53
60.02	-18.58
60.07	-18.58
60.12	-18.59
60.17	-18.58
60.22	-18.65
60.27	-18.66
60.31	-18.69
60.36	-18.63
60.41	-18.63
60.46	-18.75
60.51	-18.73
60.56	-18.76
60.61	-18.80
60.66	-18.79
60.71	-18.79
60.76	-18.81
60.81	-18.81
60.86	-18.78
60.91	-18.87
60.96	-18.91
61.01	-18.88
61.06	-18.93
61.11	-19.03
61.16	-18.98
61.21	-19.05
61.26	-19.08
61.31	-19.03
61.36	-19.07
61.41	-19.05
61.46	-19.15
61.51	-19.12
61.56	-19.18
61.61	-19.10
61.66	-19.27
61.71	-19.24
61.76	-19.25
61.81	-19.34
61.86	-19.23
61.91	-19.34
61.96	-19.42
62.01	-19.47
62.06	-19.52
62.10	-19.47
62.15	-19.53
62.20	-19.66
62.25	-19.72
62.30	-19.65
62.35	-19.74
62.40	-19.79
62.45	-19.80
62.50	-19.76
62.55	-19.93
62.60	-19.87
62.65	-19.96
62.70	-19.92
62.75	-19.98
62.80	-20.05
62.85	-20.11
62.90	-20.04
62.95	-20.11
63.00	-20.25
63.05	-20.34
63.10	-20.25
63.15	-20.38
63.20	-20.42
63.25	-20.35
63.30	-20.48
63.35	-20.49
63.40	-20.49
63.45	-20.62
63.50	-20.66
63.55	-20.62
63.60	-20.63
63.65	-20.80
63.70	-20.83
63.75	-20.84
63.80	-20.86
63.85	-20.89
63.90	-20.84
63.94	-20.93
63.99	-20.97
64.04	-21.08
64.09	-21.12
64.14	-21.05
64.19	-21.20
64.24	-21.21
64.29	-21.26
64.34	-21.27
64.39	-21.30
64.44	-21.34
64.49	-21.43
64.54	-21.43
64.59	-21.57
64.64	-21.45
64.69	-21.52
64.74	-21.54
64.79	-21.63
64.84	-21.56
64.89	-21.65
64.94	-21.59
64.99	-21.59
65.04	-21.64
65.09	-21.60
65.14	-21.70
65.19	-21.75
65.24	-21.70
65.29	-21.75
65.34	-21.74
65.39	-21.66
65.44	-21.67
65.49	-21.75
65.54	-21.84
65.59	-21.81
65.64	-21.83
65.69	-21.73
65.73	-21.79
65.78	-21.85
65.83	-21.82
65.88	-21.81
65.93	-21.83
65.98	-21.73
66.03	-21.74
66.08	-21.77
66.13	-21.69
66.18	-21.72
66.23	-21.79
66.28	-21.63
66.33	-21.73
66.38	-21.66
66.43	-21.70
66.48	-21.69
66.53	-21.52
66.58	-21.43
66.63	-21.54
66.68	-21.46
66.73	-21.43
66.78	-21.42
66.83	-21.41
66.88	-21.34
66.93	-21.09
66.98	-21.10
67.03	-21.16
67.08	-21.08
67.13	-21.02
67.18	-20.96
67.23	-20.98
67.28	-20.86
67.33	-20.79
67.38	-20.93
67.43	-20.76
67.48	-20.66
67.52	-20.65
67.57	-20.53
67.62	-20.58
67.67	-20.35
67.72	-20.33
67.77	-20.29
67.82	-20.18
67.87	-20.18
67.92	-20.01
67.97	-19.97
68.02	-19.90
68.07	-19.86
68.12	-19.74
68.17	-19.77
68.22	-19.53
68.27	-19.50
68.32	-19.49
68.37	-19.37
68.42	-19.32
68.47	-19.25
68.52	-19.17
68.57	-19.13
68.62	-19.05
68.67	-18.94
68.72	-18.91
68.77	-18.76
68.82	-18.67
68.87	-18.67
68.92	-18.59
68.97	-18.47
69.02	-18.42
69.07	-18.40
69.12	-18.18
69.17	-18.19
69.22	-18.07
69.27	-18.03
69.31	-17.88
69.36	-17.85
69.41	-17.76
69.46	-17.65
69.51	-17.65
69.56	-17.56
69.61	-17.42
69.66	-17.39
69.71	-17.30
69.76	-17.24
69.81	-17.18
69.86	-17.09
69.91	-17.03
69.96	-16.91
70.01	-16.86
70.06	-16.77
70.11	-16.78
70.16	-16.67
70.21	-16.63
70.26	-16.54
70.31	-16.45
70.36	-16.35
70.41	-16.26
70.46	-16.20
70.51	-16.18
70.56	-16.05
70.61	-16.02
70.66	-15.93
70.71	-15.85
70.76	-15.79
70.81	-15.68
70.86	-15.62
70.91	-15.51
70.96	-15.49
71.01	-15.48
71.06	-15.37
71.10	-15.32
71.15	-15.23
71.20	-15.14
71.25	-15.14
71.30	-15.06
71.35	-14.97
71.40	-14.89
71.45	-14.80
71.50	-14.77
71.55	-14.73
71.60	-14.68
71.65	-14.61
71.70	-14.61
71.75	-14.50
71.80	-14.42
71.85	-14.38
71.90	-14.30
71.95	-14.23
72.00	-14.19
72.05	-14.15
72.10	-14.07
72.15	-14.02
72.20	-13.94
72.25	-13.88
72.30	-13.85
72.35	-13.74
72.40	-13.69
72.45	-13.66
72.50	-13.61
72.55	-13.57
72.60	-13.47
72.65	-13.42
72.70	-13.40
72.75	-13.34
72.80	-13.31
72.85	-13.22
72.90	-13.16
72.94	-13.14
72.99	-13.04
73.04	-13.01
73.09	-12.95
73.14	-12.96
73.19	-12.87
73.24	-12.86
73.29	-12.78
73.34	-12.70
73.39	-12.69
73.44	-12.62
73.49	-12.58
73.54	-12.52
73.59	-12.46
73.64	-12.43
73.69	-12.34
73.74	-12.31
73.79	-12.25
73.84	-12.21
73.89	-12.22
73.94	-12.15
73.99	-12.07
74.04	-12.05
74.09	-11.99
74.14	-11.95
74.19	-11.91
74.24	-11.87
74.29	-11.86
74.34	-11.77
74.39	-11.71
74.44	-11.69
74.49	-11.66
74.54	-11.62
74.59	-11.56
74.64	-11.51
74.69	-11.52
74.73	-11.43
74.78	-11.38
74.83	-11.34
74.88	-11.33
74.93	-11.26
74.98	-11.22
75.03	-11.19
75.08	-11.16
75.13	-11.13
75.18	-11.08
75.23	-11.05
75.28	-11.01
75.33	-10.94
75.38	-10.94
75.43	-10.89
75.48	-10.86
75.53	-10.80
75.58	-10.79
75.63	-10.73
75.68	-10.72
75.73	-10.66
75.78	-10.64
75.83	-10.61
75.88	-10.55
75.93	-10.50
75.98	-10.49
76.03	-10.48
76.08	-10.44
76.13	-10.37
76.18	-10.35
76.23	-10.32
76.28	-10.28
76.33	-10.28
76.38	-10.22
76.43	-10.17
76.48	-10.18
76.52	-10.12
76.57	-10.11
76.62	-10.06
76.67	-10.01
76.72	-10.02
76.77	-9.96
76.82	-9.92
76.87	-9.91
76.92	-9.89
76.97	-9.85
77.02	-9.80
77.07	-9.79
77.12	-9.77
77.17	-9.71
77.22	-9.70
77.27	-9.67
77.32	-9.62
77.37	-9.63
77.42	-9.58
77.47	-9.56
77.52	-9.50
77.57	-9.51
77.62	-9.50
77.67	-9.43
77.72	-9.43
77.77	-9.40
77.82	-9.38
77.87	-9.34
77.92	-9.30
77.97	-9.30
78.02	-9.28
78.07	-9.23
78.12	-9.20
78.17	-9.19
78.22	-9.16
78.27	-9.14
78.31	-9.09
78.36	-9.06
78.41	-9.07
78.46	-9.03
78.51	-9.01
78.56	-8.98
78.61	-8.95
78.66	-8.95
78.71	-8.93
78.76	-8.90
78.81	-8.87
78.86	-8.86
78.91	-8.83
78.96	-8.81
79.01	-8.77
79.06	-8.75
79.11	-8.71
79.16	-8.71
79.21	-8.69
79.26	-8.68
79.31	-8.66
79.36	-8.63
79.41	-8.56
79.46	-8.52
79.51	-8.52
79.56	-8.46
79.61	-8.47
79.66	-8.45
79.71	-8.43
79.76	-8.40
79.81	-8.38
79.86	-8.37
79.91	-8.36
79.96	-8.33
80.01	-8.28
80.06	-8.29
80.10	-8.27
80.15	-8.26
80.20	-8.23
80.25	-8.21
80.30	-8.20
80.35	-8.19
80.40	-8.15
80.45	-8.13
80.50	-8.10
80.55	-8.10
80.60	-8.11
80.65	-8.06
80.70	-8.05
80.75	-8.03
80.80	-8.02
80.85	-8.02
80.90	-7.99
80.95	-7.99
81.00	-7.96
81.05	-7.94
81.10	-7.93
81.15	-7.90
81.20	-7.89
81.25	-7.87
81.30	-7.87
81.35	-7.85
81.40	-7.82
81.45	-7.83
81.50	-7.80
81.55	-7.81
81.60	-7.76
81.65	-7.76
81.70	-7.76
81.75	-7.74
81.80	-7.73
81.85	-7.70
81.90	-7.67
81.94	-7.67
81.99	-7.68
82.04	-7.66
82.09	-7.65
82.14	-7.63
82.19	-7.62
82.24	-7.60
82.29	-7.59
82.34	-7.58
82.39	-7.57
82.44	-7.54
82.49	-7.54
82.54	-7.52
82.59	-7.52
82.64	-7.50
82.69	-7.48
82.74	-7.48
82.79	-7.46
82.84	-7.46
82.89	-7.43
82.94	-7.44
82.99	-7.43
83.04	-7.41
83.09	-7.40
83.14	-7.39
83.19	-7.40
83.24	-7.36
83.29	-7.37
83.34	-7.33
83.39	-7.33
83.44	-7.34
83.49	-7.32
83.54	-7.31
83.59	-7.28
83.64	-7.28
83.69	-7.27
83.73	-7.25
83.78	-7.23
83.83	-7.21
83.88	-7.21
83.93	-7.20
83.98	-7.19
84.03	-7.19
84.08	-7.20
84.13	-7.19
84.18	-7.17
84.23	-7.18
84.28	-7.15
84.33	-7.14
84.38	-7.13
84.43	-7.12
84.48	-7.13
84.53	-7.12
84.58	-7.10
84.63	-7.09
84.68	-7.08
84.73	-7.09
84.78	-7.06
84.83	-7.07
84.88	-7.04
84.93	-7.03
84.98	-7.05
85.03	-7.03
85.08	-7.02
85.13	-7.01
85.18	-7.02
85.23	-7.00
85.28	-6.99
85.33	-7.00
85.38	-6.96
85.43	-6.98
85.48	-6.95
85.52	-6.97
85.57	-6.94
85.62	-6.95
85.67	-6.92
85.72	-6.93
85.77	-6.93
85.82	-6.92
85.87	-6.91
85.92	-6.90
85.97	-6.89
86.02	-6.90
86.07	-6.90
86.12	-6.89
86.17	-6.88
86.22	-6.87
86.27	-6.87
86.32	-6.85
86.37	-6.86
86.42	-6.84
86.47	-6.84
86.52	-6.84
86.57	-6.81
86.62	-6.84
86.67	-6.83
86.72	-6.84
86.77	-6.81
86.82	-6.80
86.87	-6.80
86.92	-6.80
86.97	-6.78
87.02	-6.79
87.07	-6.80
87.12	-6.78
87.17	-6.79
87.22	-6.77
87.27	-6.77
87.31	-6.76
87.36	-6.75
87.41	-6.76
87.46	-6.74
87.51	-6.74
87.56	-6.74
87.61	-6.75
87.66	-6.75
87.71	-6.74
87.76	-6.73
87.81	-6.74
87.86	-6.71
87.91	-6.70
87.96	-6.70
88.01	-6.69
88.06	-6.72
88.11	-6.72
88.16	-6.72
88.21	-6.70
88.26	-6.71
88.31	-6.71
88.36	-6.70
88.41	-6.71
88.46	-6.69
88.51	-6.67
88.56	-6.68
88.61	-6.68
88.66	-6.69
88.71	-6.69
88.76	-6.68
88.81	-6.67
88.86	-6.69
88.91	-6.68
88.96	-6.65
89.01	-6.69
89.06	-6.68
89.10	-6.67
89.15	-6.67
89.20	-6.66
89.25	-6.68
89.30	-6.66
89.35	-6.68
89.40	-6.67
89.45	-6.66
89.50	-6.64
89.55	-6.66
89.60	-6.67
89.65	-6.67
89.70	-6.66
89.75	-6.65
89.80	-6.68
89.85	-6.67
89.90	-6.65
89.95	-6.66
90.00	-6.65
90.05	-6.67
90.10	-6.65
90.15	-6.66
90.20	-6.66
90.25	-6.65
90.30	-6.66
90.35	-6.68
90.40	-6.65
90.45	-6.67
90.50	-6.65
90.55	-6.68
90.60	-6.67
90.65	-6.68
90.70	-6.66
90.75	-6.64
90.80	-6.67
90.85	-6.67
90.90	-6.66
90.94	-6.68
90.99	-6.70
91.04	-6.66
91.09	-6.68
91.14	-6.67
91.19	-6.69
91.24	-6.69
91.29	-6.68
91.34	-6.67
91.39	-6.68
91.44	-6.69
91.49	-6.70
91.54	-6.71
91.59	-6.69
91.64	-6.69
91.69	-6.68
91.74	-6.70
91.79	-6.72
91.84	-6.71
91.89	-6.70
91.94	-6.69
91.99	-6.70
92.04	-6.69
92.09	-6.72
92.14	-6.73
92.19	-6.72
92.24	-6.73
92.29	-6.73
92.34	-6.74
92.39	-6.74
92.44	-6.72
92.49	-6.73
92.54	-6.75
92.59	-6.76
92.64	-6.75
92.69	-6.75
92.73	-6.76
92.78	-6.75
92.83	-6.78
92.88	-6.77
92.93	-6.78
92.98	-6.79
93.03	-6.79
93.08	-6.79
93.13	-6.79
93.18	-6.81
93.23	-6.80
93.28	-6.79
93.33	-6.80
93.38	-6.82
93.43	-6.81
93.48	-6.83
93.53	-6.82
93.58	-6.80
93.63	-6.82
93.68	-6.83
93.73	-6.84
93.78	-6.84
93.83	-6.86
93.88	-6.86
93.93	-6.86
93.98	-6.86
94.03	-6.86
94.08	-6.86
94.13	-6.89
94.18	-6.89
94.23	-6.90
94.28	-6.91
94.33	-6.91
94.38	-6.94
94.43	-6.93
94.48	-6.94
94.52	-6.94
94.57	-6.93
94.62	-6.94
94.67	-6.95
94.72	-6.98
94.77	-6.97
94.82	-6.97
94.87	-6.98
94.92	-6.97
94.97	-6.98
95.02	-7.00
95.07	-7.00
95.12	-7.02
95.17	-7.03
95.22	-7.03
95.27	-7.04
95.32	-7.06
95.37	-7.06
95.42	-7.05
95.47	-7.08
95.52	-7.09
95.57	-7.09
95.62	-7.09
95.67	-7.12
95.72	-7.11
95.77	-7.13
95.82	-7.14
95.87	-7.15
95.92	-7.14
95.97	-7.16
96.02	-7.15
96.07	-7.19
96.12	-7.17
96.17	-7.19
96.22	-7.20
96.27	-7.20
96.31	-7.19
96.36	-7.22
96.41	-7.21
96.46	-7.24
96.51	-7.26
96.56	-7.28
96.61	-7.27
96.66	-7.28
96.71	-7.29
96.76	-7.29
96.81	-7.32
96.86	-7.32
96.91	-7.32
96.96	-7.36
97.01	-7.36
97.06	-7.38
97.11	-7.36
97.16	-7.38
97.21	-7.39
97.26	-7.40
97.31	-7.43
97.36	-7.44
97.41	-7.44
97.46	-7.45
97.51	-7.46
97.56	-7.48
97.61	-7.49
97.66	-7.51
97.71	-7.52
97.76	-7.55
97.81	-7.54
97.86	-7.54
97.91	-7.57
97.96	-7.58
98.01	-7.60
98.06	-7.60
98.10	-7.62
98.15	-7.61
98.20	-7.65
98.25	-7.65
98.30	-7.69
98.35	-7.70
98.40	-7.70
98.45	-7.72
98.50	-7.74
98.55	-7.73
98.60	-7.74
98.65	-7.78
98.70	-7.78
98.75	-7.81
98.80	-7.80
98.85	-7.82
98.90	-7.85
98.95	-7.86
99.00	-7.87
99.05	-7.89
99.10	-7.91
99.15	-7.92
99.20	-7.92
99.25	-7.95
99.30	-7.97
99.35	-7.97
99.40	-7.98
99.45	-8.02
99.50	-8.01
99.55	-8.04
99.60	-8.05
99.65	-8.06
99.70	-8.11
99.75	-8.12
99.80	-8.13
99.85	-8.16
99.90	-8.17
99.94	-8.18
99.99	-8.20
100.04	-8.24
100.09	-8.25
100.14	-8.24
100.19	-8.29
100.24	-8.30
100.29	-8.32
100.34	-8.32
100.39	-8.36
100.44	-8.37
100.49	-8.37
100.54	-8.42
100.59	-8.42
100.64	-8.44
100.69	-8.46
100.74	-8.48
100.79	-8.49
100.84	-8.52
100.89	-8.55
100.94	-8.55
100.99	-8.57
101.04	-8.59
101.09	-8.62
101.14	-8.65
101.19	-8.67
101.24	-8.69
101.29	-8.71
101.34	-8.73
101.39	-8.76
101.44	-8.76
101.49	-8.81
101.54	-8.84
101.59	-8.83
101.64	-8.86
101.69	-8.90
101.73	-8.91
101.78	-8.95
101.83	-8.95
101.88	-8.98
101.93	-9.00
101.98	-9.03
102.03	-9.07
102.08	-9.09
102.13	-9.10
102.18	-9.13
102.23	-9.14
102.28	-9.18
102.33	-9.19
102.38	-9.23
102.43	-9.26
102.48	-9.29
102.53	-9.33
102.58	-9.34
102.63	-9.36
102.68	-9.38
102.73	-9.41
102.78	-9.46
102.83	-9.47
102.88	-9.49
102.93	-9.51
102.98	-9.55
103.03	-9.58
103.08	-9.60
103.13	-9.64
103.18	-9.69
103.23	-9.69
103.28	-9.74
103.33	-9.77
103.38	-9.79
103.43	-9.84
103.48	-9.86
103.52	-9.87
103.57	-9.90
103.62	-9.94
103.67	-9.96
103.72	-9.99
103.77	-10.04
103.82	-10.07
103.87	-10.10
103.92	-10.14
103.97	-10.16
104.02	-10.20
104.07	-10.23
104.12	-10.25
104.17	-10.33
104.22	-10.34
104.27	-10.35
104.32	-10.42
104.37	-10.42
104.42	-10.49
104.47	-10.51
104.52	-10.55
104.57	-10.60
104.62	-10.64
104.67	-10.67
104.72	-10.69
104.77	-10.74
104.82	-10.74
104.87	-10.77
104.92	-10.84
104.97	-10.88
105.02	-10.94
105.07	-10.96
105.12	-10.95
105.17	-11.04
105.22	-11.05
105.27	-11.09
105.31	-11.13
105.36	-11.21
105.41	-11.21
105.46	-11.24
105.51	-11.28
105.56	-11.34
105.61	-11.36
105.66	-11.41
105.71	-11.45
105.76	-11.52
105.81	-11.54
105.86	-11.58
105.91	-11.62
105.96	-11.68
106.01	-11.73
106.06	-11.77
106.11	-11.78
106.16	-11.86
106.21	-11.90
106.26	-11.96
106.31	-12.00
106.36	-12.04
106.41	-12.09
106.46	-12.13
106.51	-12.17
106.56	-12.22
106.61	-12.27
106.66	-12.31
106.71	-12.37
106.76	-12.43
106.81	-12.45
106.86	-12.52
106.91	-12.53
106.96	-12.60
107.01	-12.67
107.06	-12.72
107.10	-12.77
107.15	-12.79
107.20	-12.89
107.25	-12.91
107.30	-12.97
107.35	-12.98
107.40	-13.07
107.45	-13.10
107.50	-13.17
107.55	-13.24
107.60	-13.25
107.65	-13.35
107.70	-13.39
107.75	-13.45
107.80	-13.51
107.85	-13.51
107.90	-13.63
107.95	-13.67
108.00	-13.73
108.05	-13.81
108.10	-13.87
108.15	-13.93
108.20	-13.98
108.25	-13.99
108.30	-14.13
108.35	-14.14
108.40	-14.21
108.45	-14.29
108.50	-14.33
108.55	-14.40
108.60	-14.44
108.65	-14.49
108.70	-14.59
108.75	-14.65
108.80	-14.74
108.85	-14.79
108.90	-14.86
108.94	-14.93
108.99	-15.01
109.04	-15.09
109.09	-15.11
109.14	-15.15
109.19	-15.24
109.24	-15.30
109.29	-15.39
109.34	-15.50
109.39	-15.54
109.44	-15.57
109.49	-15.64
109.54	-15.77
109.59	-15.84
109.64	-15.89
109.69	-16.06
109.74	-16.01
109.79	-16.09
109.84	-16.23
109.89	-16.25
109.94	-16.30
109.99	-16.39
110.04	-16.47
110.09	-16.53
110.14	-16.63
110.19	-16.73
110.24	-16.77
110.29	-16.82
110.34	-16.91
110.39	-17.07
110.44	-17.12
110.49	-17.22
110.54	-17.27
110.59	-17.39
110.64	-17.48
110.69	-17.52
110.73	-17.66
110.78	-17.68
110.83	-17.76
110.88	-17.91
110.93	-17.86
110.98	-17.96
111.03	-18.12
111.08	-18.24
111.13	-18.25
111.18	-18.37
111.23	-18.42
111.28	-18.55
111.33	-18.70
111.38	-18.74
111.43	-18.80
111.48	-18.92
111.53	-19.00
111.58	-19.09
111.63	-19.17
111.68	-19.24
111.73	-19.35
111.78	-19.43
111.83	-19.59
111.88	-19.53
111.93	-19.75
111.98	-19.87
112.03	-19.93
112.08	-19.97
112.13	-20.08
112.18	-20.21
112.23	-20.29
112.28	-20.37
112.33	-20.45
112.38	-20.53
112.43	-20.57
112.48	-20.75
112.52	-20.75
112.57	-20.94
112.62	-20.91
112.67	-21.01
112.72	-21.14
112.77	-21.16
112.82	-21.35
112.87	-21.37
112.92	-21.46
112.97	-21.61
113.02	-21.67
113.07	-21.71
113.12	-21.84
113.17	-21.91
113.22	-22.03
113.27	-21.96
113.32	-22.03
113.37	-22.05
113.42	-22.29
113.47	-22.30
113.52	-22.33
113.57	-22.41
113.62	-22.57
113.67	-22.60
113.72	-22.61
113.77	-22.71
113.82	-22.90
113.87	-22.67
113.92	-22.58
113.97	-22.82
114.02	-22.96
114.07	-22.76
114.12	-22.78
114.17	-22.82
114.22	-22.91
114.27	-22.96
114.31	-23.06
114.36	-23.14
114.41	-23.21
114.46	-23.14
114.51	-23.19
114.56	-23.12
114.61	-23.22
114.66	-22.98
114.71	-23.20
114.76	-23.09
114.81	-23.16
114.86	-22.98
114.91	-23.15
114.96	-23.14
115.01	-23.08
115.06	-23.17
115.11	-23.06
115.16	-23.03
115.21	-22.93
115.26	-23.03
115.31	-23.07
115.36	-22.95
115.41	-22.88
115.46	-22.88
115.51	-22.87
115.56	-22.88
115.61	-22.84
115.66	-22.68
115.71	-22.77
115.76	-22.68
115.81	-22.59
115.86	-22.55
115.91	-22.48
115.96	-22.53
116.01	-22.43
116.06	-22.40
116.10	-22.39
116.15	-22.28
116.20	-22.30
116.25	-22.23
116.30	-22.23
116.35	-22.04
116.40	-22.19
116.45	-22.19
116.50	-21.87
116.55	-21.86
116.60	-21.87
116.65	-21.86
116.70	-21.73
116.75	-21.64
116.80	-21.63
116.85	-21.60
116.90	-21.49
116.95	-21.42
117.00	-21.41
117.05	-21.38
117.10	-21.37
117.15	-21.25
117.20	-21.26
117.25	-21.12
117.30	-21.18
117.35	-21.02
117.40	-20.98
117.45	-20.97
117.50	-20.90
117.55	-20.89
117.60	-20.80
117.65	-20.79
117.70	-20.78
117.75	-20.72
117.80	-20.50
117.85	-20.52
117.90	-20.56
117.94	-20.38
117.99	-20.42
118.04	-20.32
118.09	-20.35
118.14	-20.33
118.19	-20.27
118.24	-20.16
118.29	-20.10
118.34	-20.07
118.39	-20.06
118.44	-20.10
118.49	-20.06
118.54	-19.90
118.59	-19.82
118.64	-19.91
118.69	-19.84
118.74	-19.79
118.79	-19.78
118.84	-19.71
118.89	-19.61
118.94	-19.69
118.99	-19.62
119.04	-19.61
119.09	-19.65
119.14	-19.48
119.19	-19.53
119.24	-19.43
119.29	-19.48
119.34	-19.54
119.39	-19.48
119.44	-19.42
119.49	-19.30
119.54	-19.25
119.59	-19.20
119.64	-19.29
119.69	-19.18
119.73	-19.27
119.78	-19.28
119.83	-19.15
119.88	-19.19
119.93	-19.14
119.98	-19.12
120.03	-19.10
120.08	-19.07
120.13	-19.08
120.18	-18.97
120.23	-19.04
120.28	-19.11
120.33	-18.87
120.38	-18.93
120.43	-18.91
120.48	-18.98
120.53	-18.96
120.58	-18.87
120.63	-18.92
120.68	-18.82
120.73	-18.85
120.78	-18.90
120.83	-18.94
120.88	-18.78
120.93	-18.86
120.98	-18.82
121.03	-18.80
121.08	-18.80
121.13	-18.76
121.18	-18.78
121.23	-18.79
121.28	-18.81
121.33	-18.74
121.38	-18.79
121.43	-18.73
121.48	-18.71
121.52	-18.75
121.57	-18.73
121.62	-18.75
121.67	-18.73
121.72	-18.75
121.77	-18.73
121.82	-18.72
121.87	-18.74
121.92	-18.76
121.97	-18.73
122.02	-18.71
122.07	-18.83
122.12	-18.73
122.17	-18.74
122.22	-18.72
122.27	-18.76
122.32	-18.78
122.37	-18.77
122.42	-18.81
122.47	-18.74
122.52	-18.78
122.57	-18.78
122.62	-18.82
122.67	-18.88
122.72	-18.82
122.77	-18.84
122.82	-18.82
122.87	-18.92
122.92	-18.96
122.97	-18.89
123.02	-18.99
123.07	-19.01
123.12	-19.04
123.17	-19.13
123.22	-19.12
123.27	-19.19
123.31	-19.19
123.36	-19.06
123.41	-19.19
123.46	-19.23
123.51	-19.18
123.56	-19.31
123.61	-19.24
123.66	-19.24
123.71	-19.32
123.76	-19.38
123.81	-19.46
123.86	-19.50
123.91	-19.39
123.96	-19.53
124.01	-19.57
124.06	-19.59
124.11	-19.56
124.16	-19.60
124.21	-19.67
124.26	-19.64
124.31	-19.64
124.36	-19.77
124.41	-19.90
124.46	-19.92
124.51	-19.95
124.56	-19.86
124.61	-20.00
124.66	-19.96
124.71	-20.03
124.76	-20.14
124.81	-20.12
124.86	-20.14
124.91	-20.24
124.96	-20.25
125.01	-20.26
125.06	-20.53
125.10	-20.45
125.15	-20.40
125.20	-20.64
125.25	-20.61
125.30	-20.64
125.35	-20.71
125.40	-20.76
125.45	-20.81
125.50	-20.94
125.55	-20.89
125.60	-21.02
125.65	-21.02
125.70	-21.06
125.75	-21.24
125.80	-21.24
125.85	-21.28
125.90	-21.46
125.95	-21.34
126.00	-21.46
126.05	-21.59
126.10	-21.52
126.15	-21.74
126.20	-21.71
126.25	-21.84
126.30	-21.83
126.35	-21.98
126.40	-22.03
126.45	-22.02
126.50	-22.06
126.55	-22.19
126.60	-22.32
126.65	-22.36
126.70	-22.45
126.75	-22.50
126.80	-22.64
126.85	-22.64
126.90	-22.73
126.94	-22.79
126.99	-22.94
127.04	-23.09
127.09	-23.17
127.14	-23.20
127.19	-23.34
127.24	-23.47
127.29	-23.64
127.34	-23.70
127.39	-23.82
127.44	-24.08
127.49	-24.02
127.54	-23.98
127.59	-24.18
127.64	-24.37
127.69	-24.40
127.74	-24.34
127.79	-24.86
127.84	-24.73
127.89	-24.83
127.94	-25.05
127.99	-25.15
128.04	-25.30
128.09	-25.36
128.14	-25.29
128.19	-25.39
128.24	-25.63
128.29	-25.81
128.34	-25.98
128.39	-26.28
128.44	-26.26
128.49	-26.22
128.54	-26.42
128.59	-26.57
128.64	-26.79
128.69	-26.81
128.73	-26.98
128.78	-27.22
128.83	-27.14
128.88	-27.42
128.93	-27.42
128.98	-27.81
129.03	-27.90
129.08	-28.04
129.13	-28.26
129.18	-28.22
129.23	-28.58
129.28	-28.61
129.33	-28.56
129.38	-28.89
129.43	-28.90
129.48	-29.16
129.53	-29.52
129.58	-29.60
129.63	-30.03
129.68	-30.27
129.73	-30.36
129.78	-30.33
129.83	-30.37
129.88	-30.70
129.93	-31.04
129.98	-30.83
130.03	-31.17
130.08	-31.00
130.13	-31.15
130.18	-31.46
130.23	-31.50
130.28	-31.65
130.33	-31.65
130.38	-31.81
130.43	-32.01
130.48	-32.21
130.52	-32.41
130.57	-32.08
130.62	-32.17
130.67	-32.20
130.72	-32.13
130.77	-32.30
130.82	-31.93
130.87	-31.83
130.92	-31.80
130.97	-31.77
131.02	-31.87
131.07	-31.89
131.12	-31.91
131.17	-31.89
131.22	-32.01
131.27	-31.73
131.32	-31.70
131.37	-31.42
131.42	-31.22
131.47	-31.50
131.52	-30.88
131.57	-31.03
131.62	-30.70
131.67	-30.86
131.72	-30.53
131.77	-30.66
131.82	-30.33
131.87	-30.37
131.92	-30.06
131.97	-29.95
132.02	-29.69
132.07	-29.52
132.12	-29.32
132.17	-29.16
132.22	-29.07
132.27	-28.98
132.31	-28.71
132.36	-28.35
132.41	-28.39
132.46	-28.28
132.51	-28.39
132.56	-28.20
132.61	-28.00
132.66	-27.79
132.71	-27.82
132.76	-27.65
132.81	-27.41
132.86	-27.19
132.91	-27.18
132.96	-27.10
133.01	-26.95
133.06	-27.05
133.11	-26.88
133.16	-26.63
133.21	-26.30
133.26	-26.28
133.31	-26.22
133.36	-26.30
133.41	-26.03
133.46	-26.11
133.51	-25.83
133.56	-25.77
133.61	-25.75
133.66	-25.71
133.71	-25.49
133.76	-25.42
133.81	-25.37
133.86	-25.20
133.91	-25.20
133.96	-25.27
134.01	-25.03
134.06	-24.95
134.10	-24.91
134.15	-24.76
134.20	-24.67
134.25	-24.63
134.30	-24.56
134.35	-24.55
134.40	-24.57
134.45	-24.37
134.50	-24.18
134.55	-24.20
134.60	-24.10
134.65	-24.14
134.70	-24.00
134.75	-23.98
134.80	-23.97
134.85	-23.99
134.90	-23.91
134.95	-23.69
135.00	-23.66
135.05	-23.66
135.10	-23.57
135.15	-23.66
135.20	-23.56
135.25	-23.45
135.30	-23.37
135.35	-23.43
135.40	-23.44
135.45	-23.26
135.50	-23.27
135.55	-23.22
135.60	-23.21
135.65	-23.22
135.70	-22.92
135.75	-23.11
135.80	-23.08
135.85	-23.01
135.90	-22.94
135.94	-23.05
135.99	-22.85
136.04	-22.95
136.09	-22.96
136.14	-22.81
136.19	-22.83
136.24	-22.75
136.29	-22.61
136.34	-22.71
136.39	-22.67
136.44	-22.60
136.49	-22.61
136.54	-22.58
136.59	-22.45
136.64	-22.53
136.69	-22.45
136.74	-22.56
136.79	-22.42
136.84	-22.47
136.89	-22.51
136.94	-22.33
136.99	-22.36
137.04	-22.30
137.09	-22.35
137.14	-22.39
137.19	-22.39
137.24	-22.36
137.29	-22.41
137.34	-22.40
137.39	-22.32
137.44	-22.44
137.49	-22.43
137.54	-22.47
137.59	-22.40
137.64	-22.39
137.69	-22.49
137.73	-22.41
137.78	-22.38
137.83	-22.48
137.88	-22.47
137.93	-22.50
137.98	-22.49
138.03	-22.51
138.08	-22.55
138.13	-22.47
138.18	-22.53
138.23	-22.61
138.28	-22.47
138.33	-22.63
138.38	-22.63
138.43	-22.53
138.48	-22.68
138.53	-22.55
138.58	-22.65
138.63	-22.77
138.68	-22.61
138.73	-22.86
138.78	-22.76
138.83	-22.78
138.88	-22.88
138.93	-22.86
138.98	-22.91
139.03	-23.00
139.08	-22.93
139.13	-22.94
139.18	-23.12
139.23	-23.08
139.28	-23.04
139.33	-23.14
139.38	-23.21
139.43	-23.22
139.48	-23.22
139.52	-23.47
139.57	-23.32
139.62	-23.38
139.67	-23.38
139.72	-23.39
139.77	-23.60
139.82	-23.43
139.87	-23.62
139.92	-23.79
139.97	-23.79
140.02	-23.82
140.07	-23.74
140.12	-23.83
140.17	-23.98
140.22	-24.10
140.27	-24.10
140.32	-24.30
140.37	-24.36
140.42	-24.42
140.47	-24.39
140.52	-24.56
140.57	-24.66
140.62	-24.71
140.67	-24.81
140.72	-24.81
140.77	-24.98
140.82	-25.10
140.87	-25.09
140.92	-25.05
140.97	-25.27
141.02	-25.43
141.07	-25.46
141.12	-25.67
141.17	-25.72
141.22	-25.70
141.27	-25.83
141.31	-26.01
141.36	-26.07
141.41	-26.17
141.46	-26.17
141.51	-26.39
141.56	-26.38
141.61	-26.72
141.66	-26.62
141.71	-26.74
141.76	-26.91
141.81	-26.99
141.86	-27.12
141.91	-27.40
141.96	-27.38
142.01	-27.78
142.06	-27.74
142.11	-27.74
142.16	-27.81
142.21	-28.05
142.26	-28.26
142.31	-28.36
142.36	-28.39
142.41	-28.93
142.46	-28.93
142.51	-29.07
142.56	-29.16
142.61	-29.33
142.66	-29.53
142.71	-29.81
142.76	-29.79
142.81	-30.04
142.86	-30.34
142.91	-30.39
142.96	-30.69
143.01	-30.96
143.06	-31.19
143.10	-31.39
143.15	-31.23
143.20	-31.72
143.25	-31.99
143.30	-31.95
143.35	-32.35
143.40	-32.39
143.45	-32.93
143.50	-32.71
143.55	-33.31
143.60	-33.60
143.65	-33.58
143.70	-33.91
143.75	-33.98
143.80	-34.27
143.85	-34.52
143.90	-34.76
143.95	-34.76
144.00	-34.50
144.05	-35.03
144.10	-35.25
144.15	-35.11
144.20	-35.57
144.25	-34.98
144.30	-35.55
144.35	-35.03
144.40	-34.88
144.45	-35.35
144.50	-35.01
144.55	-34.32
144.60	-34.33
144.65	-34.99
144.70	-34.21
144.75	-34.04
144.80	-34.08
144.85	-33.48
144.90	-33.56
144.94	-33.03
144.99	-32.87
145.04	-32.68
145.09	-32.68
145.14	-32.43
145.19	-32.03
145.24	-31.63
145.29	-31.64
145.34	-31.37
145.39	-31.40
145.44	-30.59
145.49	-30.75
145.54	-30.49
145.59	-30.38
145.64	-29.95
145.69	-29.75
145.74	-29.65
145.79	-29.44
145.84	-29.39
145.89	-29.12
145.94	-29.16
145.99	-28.75
146.04	-28.50
146.09	-28.34
146.14	-28.06
146.19	-27.86
146.24	-27.65
146.29	-27.57
146.34	-27.40
146.39	-27.29
146.44	-26.87
146.49	-26.64
146.54	-26.86
146.59	-26.57
146.64	-26.23
146.69	-26.32
146.73	-26.12
146.78	-26.12
146.83	-25.83
146.88	-25.51
146.93	-25.45
146.98	-25.29
147.03	-25.23
147.08	-25.11
147.13	-24.94
147.18	-24.89
147.23	-24.61
147.28	-24.52
147.33	-24.46
147.38	-24.38
147.43	-24.24
147.48	-24.07
147.53	-23.85
147.58	-23.97
147.63	-23.65
147.68	-23.78
147.73	-23.49
147.78	-23.39
147.83	-23.23
147.88	-23.21
147.93	-23.14
147.98	-23.11
148.03	-22.86
148.08	-22.83
148.13	-22.75
148.18	-22.55
148.23	-22.49
148.28	-22.41
148.33	-22.31
148.38	-22.16
148.43	-22.24
148.48	-22.15
148.52	-21.97
148.57	-21.91
148.62	-21.87
148.67	-21.70
148.72	-21.69
148.77	-21.57
148.82	-21.59
148.87	-21.45
148.92	-21.54
148.97	-21.40
149.02	-21.26
149.07	-21.24
149.12	-21.13
149.17	-21.01
149.22	-20.94
149.27	-20.91
149.32	-20.85
149.37	-20.76
149.42	-20.67
149.47	-20.59
149.52	-20.53
149.57	-20.53
149.62	-20.49
149.67	-20.35
149.72	-20.29
149.77	-20.30
149.82	-20.21
149.87	-20.13
149.92	-20.13
149.97	-20.09
150.02	-19.92
150.07	-19.97
150.12	-19.80
150.17	-19.78
150.22	-19.77
150.27	-19.71
150.31	-19.71
150.36	-19.58
150.41	-19.63
150.46	-19.49
150.51	-19.43
150.56	-19.53
150.61	-19.42
150.66	-19.41
150.71	-19.40
150.76	-19.28
150.81	-19.29
150.86	-19.33
150.91	-19.17
150.96	-19.11
151.01	-19.20
151.06	-19.22
151.11	-19.00
151.16	-19.04
151.21	-18.96
151.26	-18.94
151.31	-18.92
151.36	-18.85
151.41	-18.94
151.46	-18.78
151.51	-18.84
151.56	-18.71
151.61	-18.75
151.66	-18.76
151.71	-18.74
151.76	-18.76
151.81	-18.59
151.86	-18.59
151.91	-18.68
151.96	-18.63
152.01	-18.52
152.06	-18.55
152.10	-18.50
152.15	-18.46
152.20	-18.47
152.25	-18.46
152.30	-18.46
152.35	-18.44
152.40	-18.40
152.45	-18.44
152.50	-18.40
152.55	-18.37
152.60	-18.35
152.65	-18.36
152.70	-18.35
152.75	-18.29
152.80	-18.28
152.85	-18.32
152.90	-18.30
152.95	-18.30
153.00	-18.24
153.05	-18.24
153.10	-18.31
153.15	-18.26
153.20	-18.22
153.25	-18.21
153.30	-18.20
153.35	-18.25
153.40	-18.16
153.45	-18.18
153.50	-18.22
153.55	-18.19
153.60	-18.22
153.65	-18.20
153.70	-18.23
153.75	-18.22
153.80	-18.19
153.85	-18.24
153.90	-18.21
153.94	-18.22
153.99	-18.15
154.04	-18.22
154.09	-18.24
154.14	-18.25
154.19	-18.20
154.24	-18.23
154.29	-18.25
154.34	-18.22
154.39	-18.27
154.44	-18.25
154.49	-18.23
154.54	-18.20
154.59	-18.33
154.64	-18.33
154.69	-18.26
154.74	-18.43
154.79	-18.37
154.84	-18.41
154.89	-18.37
154.94	-18.36
154.99	-18.40
155.04	-18.44
155.09	-18.46
155.14	-18.43
155.19	-18.53
155.24	-18.51
155.29	-18.47
155.34	-18.54
155.39	-18.62
155.44	-18.60
155.49	-18.64
155.54	-18.61
155.59	-18.59
155.64	-18.71
155.69	-18.72
155.73	-18.83
155.78	-18.77
155.83	-18.85
155.88	-18.81
155.93	-18.83
155.98	-18.90
156.03	-18.96
156.08	-18.95
156.13	-18.93
156.18	-19.04
156.23	-19.07
156.28	-19.01
156.33	-19.15
156.38	-19.22
156.43	-19.12
156.48	-19.25
156.53	-19.24
156.58	-19.34
156.63	-19.32
156.68	-19.35
156.73	-19.41
156.78	-19.44
156.83	-19.51
156.88	-19.45
156.93	-19.63
156.98	-19.68
157.03	-19.73
157.08	-19.78
157.13	-19.86
157.18	-19.85
157.23	-19.83
157.28	-19.93
157.33	-19.99
157.38	-20.15
157.43	-20.04
157.48	-20.22
157.52	-20.31
157.57	-20.32
157.62	-20.31
157.67	-20.39
157.72	-20.43
157.77	-20.44
157.82	-20.62
157.87	-20.67
157.92	-20.70
157.97	-20.90
158.02	-20.89
158.07	-20.87
158.12	-21.01
158.17	-21.09
158.22	-21.04
158.27	-21.22
158.32	-21.34
158.37	-21.37
158.42	-21.48
158.47	-21.54
158.52	-21.63
158.57	-21.71
158.62	-21.61
158.67	-21.80
158.72	-21.91
158.77	-22.06
158.82	-22.14
158.87	-22.10
158.92	-22.26
158.97	-22.41
159.02	-22.41
159.07	-22.59
159.12	-22.61
159.17	-22.71
159.22	-22.84
159.27	-22.88
159.31	-22.89
159.36	-23.02
159.41	-23.10
159.46	-23.20
159.51	-23.31
159.56	-23.47
159.61	-23.58
159.66	-23.57
159.71	-23.82
159.76	-23.83
159.81	-24.08
159.86	-24.19
159.91	-24.38
159.96	-24.41
160.01	-24.43
160.06	-24.63
160.11	-24.74
160.16	-24.68
160.21	-24.88
160.26	-24.89
160.31	-25.32
160.36	-25.39
160.41	-25.34
160.46	-25.51
160.51	-25.67
160.56	-25.81
160.61	-25.96
160.66	-26.13
160.71	-26.14
160.76	-26.19
160.81	-26.39
160.86	-26.41
160.91	-26.51
160.96	-26.73
161.01	-26.71
161.06	-26.80
161.10	-26.88
161.15	-27.13
161.20	-27.05
161.25	-27.12
161.30	-27.24
161.35	-27.27
161.40	-27.30
161.45	-27.41
161.50	-27.30
161.55	-27.52
161.60	-27.57
161.65	-27.69
161.70	-27.47
161.75	-27.79
161.80	-27.68
161.85	-27.49
161.90	-27.60
161.95	-27.75
162.00	-27.60
162.05	-27.56
162.10	-27.30
162.15	-27.38
162.20	-27.20
162.25	-27.18
162.30	-27.14
162.35	-27.05
162.40	-26.82
162.45	-26.77
162.50	-26.86
162.55	-26.57
162.60	-26.66
162.65	-26.40
162.70	-26.29
162.75	-26.27
162.80	-26.15
162.85	-25.99
162.90	-25.89
162.94	-25.48
162.99	-25.48
163.04	-25.35
163.09	-25.06
163.14	-24.97
163.19	-24.97
163.24	-24.89
163.29	-24.62
163.34	-24.52
163.39	-24.30
163.44	-24.05
163.49	-23.97
163.54	-23.80
163.59	-23.64
163.64	-23.52
163.69	-23.39
163.74	-23.25
163.79	-23.10
163.84	-22.93
163.89	-22.84
163.94	-22.59
163.99	-22.60
164.04	-22.38
164.09	-22.24
164.14	-22.13
164.19	-21.97
164.24	-22.03
164.29	-21.71
164.34	-21.54
164.39	-21.39
164.44	-21.33
164.49	-21.18
164.54	-20.97
164.59	-20.88
164.64	-20.73
164.69	-20.67
164.73	-20.41
164.78	-20.29
164.83	-20.27
164.88	-20.03
164.93	-19.93
164.98	-19.86
165.03	-19.68
165.08	-19.63
165.13	-19.50
165.18	-19.42
165.23	-19.24
165.28	-19.16
165.33	-19.05
165.38	-19.01
165.43	-18.82
165.48	-18.76
165.53	-18.63
165.58	-18.56
165.63	-18.34
165.68	-18.29
165.73	-18.19
165.78	-18.05
165.83	-18.03
165.88	-17.88
165.93	-17.77
165.98	-17.65
166.03	-17.57
166.08	-17.47
166.13	-17.38
166.18	-17.29
166.23	-17.22
166.28	-17.08
166.33	-16.95
166.38	-16.87
166.43	-16.79
166.48	-16.70
166.52	-16.65
166.57	-16.51
166.62	-16.47
166.67	-16.30
166.72	-16.26
166.77	-16.16
166.82	-16.07
166.87	-15.99
166.92	-15.89
166.97	-15.82
167.02	-15.69
167.07	-15.57
167.12	-15.55
167.17	-15.46
167.22	-15.40
167.27	-15.29
167.32	-15.22
167.37	-15.17
167.42	-15.03
167.47	-14.99
167.52	-14.92
167.57	-14.79
167.62	-14.75
167.67	-14.69
167.72	-14.61
167.77	-14.55
167.82	-14.42
167.87	-14.34
167.92	-14.35
167.97	-14.21
168.02	-14.18
168.07	-14.09
168.12	-14.04
168.17	-13.99
168.22	-13.90
168.27	-13.80
168.31	-13.75
168.36	-13.72
168.41	-13.61
168.46	-13.51
168.51	-13.48
168.56	-13.42
168.61	-13.39
168.66	-13.26
168.71	-13.25
168.76	-13.19
168.81	-13.11
168.86	-13.02
168.91	-12.99
168.96	-12.87
169.01	-12.83
169.06	-12.77
169.11	-12.73
169.16	-12.67
169.21	-12.57
169.26	-12.55
169.31	-12.48
169.36	-12.42
169.41	-12.35
169.46	-12.30
169.51	-12.23
169.56	-12.19
169.61	-12.11
169.66	-12.07
169.71	-12.00
169.76	-11.97
169.81	-11.95
169.86	-11.83
169.91	-11.80
169.96	-11.77
170.01	-11.68
170.06	-11.64
170.10	-11.60
170.15	-11.52
170.20	-11.49
170.25	-11.46
170.30	-11.35
170.35	-11.30
170.40	-11.27
170.45	-11.25
170.50	-11.19
170.55	-11.13
170.60	-11.07
170.65	-11.05
170.70	-11.01
170.75	-10.96
170.80	-10.92
170.85	-10.87
170.90	-10.79
170.95	-10.75
171.00	-10.72
171.05	-10.67
171.10	-10.62
171.15	-10.62
171.20	-10.56
171.25	-10.51
171.30	-10.47
171.35	-10.42
171.40	-10.36
171.45	-10.34
171.50	-10.31
171.55	-10.24
171.60	-10.21
171.65	-10.19
171.70	-10.11
171.75	-10.08
171.80	-10.05
171.85	-9.99
171.90	-9.95
171.94	-9.92
171.99	-9.87
172.04	-9.83
172.09	-9.80
172.14	-9.77
172.19	-9.72
172.24	-9.68
172.29	-9.65
172.34	-9.63
172.39	-9.57
172.44	-9.54
172.49	-9.50
172.54	-9.47
172.59	-9.44
172.64	-9.40
172.69	-9.35
172.74	-9.33
172.79	-9.30
172.84	-9.24
172.89	-9.22
172.94	-9.18
172.99	-9.15
173.04	-9.13
173.09	-9.09
173.14	-9.07
173.19	-9.02
173.24	-9.00
173.29	-8.97
173.34	-8.94
173.39	-8.91
173.44	-8.87
173.49	-8.85
173.54	-8.82
173.59	-8.81
173.64	-8.77
173.69	-8.74
173.73	-8.70
173.78	-8.67
173.83	-8.66
173.88	-8.61
173.93	-8.60
173.98	-8.55
174.03	-8.54
174.08	-8.49
174.13	-8.45
174.18	-8.44
174.23	-8.43
174.28	-8.37
174.33	-8.35
174.38	-8.35
174.43	-8.31
174.48	-8.29
174.53	-8.26
174.58	-8.23
174.63	-8.19
174.68	-8.19
174.73	-8.14
174.78	-8.14
174.83	-8.11
174.88	-8.11
174.93	-8.07
174.98	-8.04
175.03	-8.04
175.08	-8.02
175.13	-7.96
175.18	-7.97
175.23	-7.94
175.28	-7.91
175.33	-7.90
175.38	-7.89
175.43	-7.86
175.48	-7.82
175.52	-7.83
175.57	-7.80
175.62	-7.77
175.67	-7.76
175.72	-7.77
175.77	-7.73
175.82	-7.71
175.87	-7.68
175.92	-7.67
175.97	-7.67
176.02	-7.64
176.07	-7.60
176.12	-7.59
176.17	-7.57
176.22	-7.56
176.27	-7.55
176.32	-7.52
176.37	-7.51
176.42	-7.49
176.47	-7.49
176.52	-7.46
176.57	-7.44
176.62	-7.42
176.67	-7.42
176.72	-7.38
176.77	-7.39
176.82	-7.36
176.87	-7.34
176.92	-7.34
176.97	-7.33
177.02	-7.32
177.07	-7.31
177.12	-7.29
177.17	-7.29
177.22	-7.27
177.27	-7.27
177.31	-7.23
177.36	-7.24
177.41	-7.24
177.46	-7.21
177.51	-7.20
177.56	-7.18
177.61	-7.18
177.66	-7.17
177.71	-7.16
177.76	-7.15
177.81	-7.14
177.86	-7.14
177.91	-7.11
177.96	-7.10
178.01	-7.09
178.06	-7.10
178.11	-7.09
178.16	-7.08
178.21	-7.05
178.26	-7.05
178.31	-7.06
178.36	-7.03
178.41	-7.03
178.46	-7.04
178.51	-7.04
178.56	-7.03
178.61	-7.01
178.66	-7.01
178.71	-7.01
178.76	-6.98
178.81	-7.00
178.86	-6.99
178.91	-6.96
178.96	-7.02
179.01	-6.98
179.06	-6.95
179.10	-6.97
179.15	-6.96
179.20	-6.96
179.25	-6.96
179.30	-6.96
179.35	-6.96
179.40	-6.96
179.45	-6.95
179.50	-6.94
179.55	-6.96
179.60	-6.94
179.65	-6.92
179.70	-6.94
179.75	-6.93
179.80	-6.94
179.85	-6.94
179.90	-6.92
179.95	-6.95
180.00	-6.96
180.05	-6.94
180.10	-6.94
180.15	-6.96
180.20	-6.94
180.25	-6.94
180.30	-6.96
180.35	-6.94
180.40	-6.95
180.45	-6.93
180.50	-6.94
180.55	-6.96
180.60	-6.96
180.65	-6.96
180.70	-6.98
180.75	-6.97
180.80	-6.99
180.85	-6.97
180.90	-6.99
180.94	-6.98
180.99	-6.98
181.04	-7.00
181.09	-6.99
181.14	-7.03
181.19	-7.03
181.24	-7.00
181.29	-7.03
181.34	-7.03
181.39	-7.04
181.44	-7.06
181.49	-7.05
181.54	-7.07
181.59	-7.09
181.64	-7.10
181.69	-7.10
181.74	-7.11
181.79	-7.11
181.84	-7.12
181.89	-7.13
181.94	-7.15
181.99	-7.15
182.04	-7.18
182.09	-7.17
182.14	-7.17
182.19	-7.19
182.24	-7.20
182.29	-7.19
182.34	-7.23
182.39	-7.23
182.44	-7.26
182.49	-7.26
182.54	-7.28
182.59	-7.27
182.64	-7.29
182.69	-7.29
182.73	-7.30
182.78	-7.33
182.83	-7.35
182.88	-7.36
182.93	-7.35
182.98	-7.38
183.03	-7.40
183.08	-7.39
183.13	-7.43
183.18	-7.44
183.23	-7.46
183.28	-7.49
183.33	-7.49
183.38	-7.48
183.43	-7.50
183.48	-7.52
183.53	-7.54
183.58	-7.56
183.63	-7.58
183.68	-7.59
183.73	-7.64
183.78	-7.67
183.83	-7.65
183.88	-7.67
183.93	-7.67
183.98	-7.71
184.03	-7.73
184.08	-7.74
184.13	-7.77
184.18	-7.77
184.23	-7.79
184.28	-7.82
184.33	-7.86
184.38	-7.87
184.43	-7.88
184.48	-7.91
184.52	-7.93
184.57	-7.95
184.62	-7.98
184.67	-8.01
184.72	-8.03
184.77	-8.05
184.82	-8.07
184.87	-8.09
184.92	-8.10
184.97	-8.16
185.02	-8.14
185.07	-8.18
185.12	-8.21
185.17	-8.25
185.22	-8.27
185.27	-8.26
185.32	-8.30
185.37	-8.34
185.42	-8.37
185.47	-8.39
185.52	-8.40
185.57	-8.44
185.62	-8.47
185.67	-8.46
185.72	-8.49
185.77	-8.54
185.82	-8.56
185.87	-8.58
185.92	-8.60
185.97	-8.66
186.02	-8.67
186.07	-8.70
186.12	-8.73
186.17	-8.75
186.22	-8.82
186.27	-8.84
186.31	-8.88
186.36	-8.89
186.41	-8.94
186.46	-8.95
186.51	-8.99
186.56	-9.02
186.61	-9.02
186.66	-9.10
186.71	-9.10
186.76	-9.15
186.81	-9.18
186.86	-9.23
186.91	-9.28
186.96	-9.26
187.01	-9.31
187.06	-9.36
187.11	-9.39
187.16	-9.45
187.21	-9.46
187.26	-9.49
187.31	-9.53
187.36	-9.57
187.41	-9.62
187.46	-9.62
187.51	-9.68
187.56	-9.74
187.61	-9.77
187.66	-9.80
187.71	-9.80
187.76	-9.86
187.81	-9.89
187.86	-9.95
187.91	-9.98
187.96	-10.02
188.01	-10.07
188.06	-10.10
188.10	-10.13
188.15	-10.16
188.20	-10.22
188.25	-10.28
188.30	-10.31
188.35	-10.34
188.40	-10.39
188.45	-10.44
188.50	-10.49
188.55	-10.52
188.60	-10.61
188.65	-10.66
188.70	-10.69
188.75	-10.70
188.80	-10.78
188.85	-10.80
188.90	-10.87
188.95	-10.90
189.00	-10.90
189.05	-11.02
189.10	-11.05
189.15	-11.09
189.20	-11.13
189.25	-11.20
189.30	-11.24
189.35	-11.32
189.40	-11.34
189.45	-11.37
189.50	-11.45
189.55	-11.48
189.60	-11.54
189.65	-11.60
189.70	-11.66
189.75	-11.69
189.80	-11.76
189.85	-11.80
189.90	-11.87
189.94	-11.90
189.99	-11.99
190.04	-12.04
190.09	-12.10
190.14	-12.16
190.19	-12.18
190.24	-12.30
190.29	-12.34
190.34	-12.41
190.39	-12.45
190.44	-12.52
190.49	-12.57
190.54	-12.63
190.59	-12.70
190.64	-12.73
190.69	-12.81
190.74	-12.86
190.79	-12.95
190.84	-13.02
190.89	-13.08
190.94	-13.14
190.99	-13.22
191.04	-13.28
191.09	-13.31
191.14	-13.38
191.19	-13.45
191.24	-13.49
191.29	-13.57
191.34	-13.64
191.39	-13.72
191.44	-13.77
191.49	-13.87
191.54	-13.95
191.59	-14.06
191.64	-14.08
191.69	-14.17
191.73	-14.22
191.78	-14.33
191.83	-14.38
191.88	-14.43
191.93	-14.55
191.98	-14.58
192.03	-14.67
192.08	-14.75
192.13	-14.82
192.18	-14.89
192.23	-14.94
192.28	-15.00
192.33	-15.17
192.38	-15.25
192.43	-15.30
192.48	-15.38
192.53	-15.44
192.58	-15.51
192.63	-15.61
192.68	-15.74
192.73	-15.80
192.78	-15.91
192.83	-15.99
192.88	-16.10
192.93	-16.16
192.98	-16.27
193.03	-16.34
193.08	-16.47
193.13	-16.61
193.18	-16.67
193.23	-16.70
193.28	-16.84
193.33	-16.97
193.38	-17.03
193.43	-17.12
193.48	-17.21
193.52	-17.35
193.57	-17.43
193.62	-17.51
193.67	-17.71
193.72	-17.76
193.77	-17.89
193.82	-17.89
193.87	-18.03
193.92	-18.16
193.97	-18.34
194.02	-18.32
194.07	-18.46
194.12	-18.65
194.17	-18.74
194.22	-18.83
194.27	-18.95
194.32	-19.08
194.37	-19.31
194.42	-19.35
194.47	-19.47
194.52	-19.58
194.57	-19.69
194.62	-19.84
194.67	-19.90
194.72	-20.09
194.77	-20.28
194.82	-20.34
194.87	-20.45
194.92	-20.73
194.97	-20.87
195.02	-20.95
195.07	-21.05
195.12	-21.13
195.17	-21.35
195.22	-21.57
195.27	-21.65
195.31	-21.79
195.36	-22.00
195.41	-22.16
195.46	-22.37
195.51	-22.50
195.56	-22.69
195.61	-22.89
195.66	-22.98
195.71	-23.12
195.76	-23.53
195.81	-23.60
195.86	-23.81
195.91	-23.95
195.96	-24.04
196.01	-24.29
196.06	-24.39
196.11	-24.62
196.16	-25.00
196.21	-25.12
196.26	-25.30
196.31	-25.59
196.36	-25.90
196.41	-26.08
196.46	-26.16
196.51	-26.40
196.56	-26.82
196.61	-26.86
196.66	-27.09
196.71	-27.29
196.76	-27.65
196.81	-28.00
196.86	-28.31
196.91	-28.49
196.96	-28.63
197.01	-29.10
197.06	-29.25
197.10	-29.52
197.15	-29.43
197.20	-30.06
197.25	-30.39
197.30	-30.52
197.35	-31.13
197.40	-31.01
197.45	-31.64
197.50	-31.95
197.55	-32.13
197.60	-32.61
197.65	-32.64
197.70	-32.42
197.75	-33.09
197.80	-33.34
197.85	-33.16
197.90	-33.17
197.95	-33.37
198.00	-33.20
198.05	-33.26
198.10	-33.14
198.15	-33.25
198.20	-33.34
198.25	-33.46
198.30	-33.04
198.35	-32.83
198.40	-33.37
198.45	-32.68
198.50	-32.51
198.55	-31.99
198.60	-32.10
198.65	-31.81
198.70	-31.79
198.75	-31.21
198.80	-30.73
198.85	-30.83
198.90	-30.83
198.94	-30.38
198.99	-30.37
199.04	-29.76
199.09	-29.54
199.14	-29.50
199.19	-29.00
199.24	-28.64
199.29	-28.71
199.34	-28.40
199.39	-28.18
199.44	-27.83
199.49	-27.77
199.54	-27.54
199.59	-27.30
199.64	-27.17
199.69	-26.81
199.74	-26.84
199.79	-26.59
199.84	-26.30
199.89	-26.33
199.94	-26.16
199.99	-25.77
200.04	-25.58
200.09	-25.55
200.14	-25.33
200.19	-25.20
200.24	-25.04
200.29	-24.74
200.34	-24.79
200.39	-24.62
200.44	-24.43
200.49	-24.34
200.54	-24.28
200.59	-24.22
200.64	-24.06
200.69	-23.86
200.73	-23.80
200.78	-23.60
200.83	-23.58
200.88	-23.47
200.93	-23.34
200.98	-23.16
201.03	-23.08
201.08	-22.85
201.13	-22.88
201.18	-22.69
201.23	-22.59
201.28	-22.52
201.33	-22.43
201.38	-22.38
201.43	-22.21
201.48	-22.10
201.53	-22.04
201.58	-21.90
201.63	-21.94
201.68	-21.83
201.73	-21.62
201.78	-21.58
201.83	-21.57
201.88	-21.42
201.93	-21.31
201.98	-21.26
202.03	-21.17
202.08	-21.04
202.13	-21.01
202.18	-20.90
202.23	-20.89
202.28	-20.83
202.33	-20.79
202.38	-20.67
202.43	-20.58
202.48	-20.47
202.52	-20.54
202.57	-20.44
202.62	-20.35
202.67	-20.21
202.72	-20.16
202.77	-20.13
202.82	-20.08
202.87	-20.12
202.92	-20.01
202.97	-19.94
203.02	-19.73
203.07	-19.81
203.12	-19.77
203.17	-19.74
203.22	-19.68
203.27	-19.64
203.32	-19.60
203.37	-19.48
203.42	-19.50
203.47	-19.46
203.52	-19.40
203.57	-19.46
203.62	-19.23
203.67	-19.28
203.72	-19.30
203.77	-19.31
203.82	-19.26
203.87	-19.20
203.92	-19.17
203.97	-19.08
204.02	-19.06
204.07	-19.01
204.12	-18.97
204.17	-18.96
204.22	-18.92
204.27	-18.87
204.31	-18.86
204.36	-18.83
204.41	-18.76
204.46	-18.74
204.51	-18.67
204.56	-18.62
204.61	-18.64
204.66	-18.67
204.71	-18.54
204.76	-18.61
204.81	-18.52
204.86	-18.55
204.91	-18.50
204.96	-18.54
205.01	-18.43
205.06	-18.46
205.11	-18.44
205.16	-18.41
205.21	-18.38
205.26	-18.38
205.31	-18.32
205.36	-18.31
205.41	-18.34
205.46	-18.32
205.51	-18.31
205.56	-18.36
205.61	-18.32
205.66	-18.20
205.71	-18.19
205.76	-18.26
205.81	-18.18
205.86	-18.24
205.91	-18.28
205.96	-18.22
206.01	-18.17
206.06	-18.19
206.10	-18.13
206.15	-18.22
206.20	-18.14
206.25	-18.16
206.30	-18.17
206.35	-18.13
206.40	-18.19
206.45	-18.21
206.50	-18.21
206.55	-18.13
206.60	-18.12
206.65	-18.14
206.70	-18.08
206.75	-18.16
206.80	-18.16
206.85	-18.19
206.90	-18.20
206.95	-18.11
207.00	-18.18
207.05	-18.13
207.10	-18.17
207.15	-18.24
207.20	-18.22
207.25	-18.21
207.30	-18.26
207.35	-18.31
207.40	-18.30
207.45	-18.21
207.50	-18.29
207.55	-18.29
207.60	-18.27
207.65	-18.28
207.70	-18.29
207.75	-18.37
207.80	-18.38
207.85	-18.31
207.89	-18.34
207.94	-18.40
207.99	-18.38
208.04	-18.45
208.09	-18.44
208.14	-18.44
208.19	-18.43
208.24	-18.43
208.29	-18.51
208.34	-18.55
208.39	-18.48
208.44	-18.54
208.49	-18.57
208.54	-18.71
208.59	-18.57
208.64	-18.71
208.69	-18.72
208.74	-18.73
208.79	-18.76
208.84	-18.80
208.89	-18.75
208.94	-18.78
208.99	-18.83
209.04	-18.80
209.09	-18.95
209.14	-18.91
209.19	-19.04
209.24	-18.99
209.29	-19.04
209.34	-19.05
209.39	-19.12
209.44	-19.18
209.49	-19.24
209.54	-19.23
209.59	-19.34
209.64	-19.26
209.69	-19.30
209.73	-19.46
209.78	-19.51
209.83	-19.53
209.88	-19.55
209.93	-19.54
209.98	-19.65
210.03	-19.73
210.08	-19.77
210.13	-19.84
210.18	-19.91
210.23	-19.86
210.28	-19.97
210.33	-20.11
210.38	-20.21
210.43	-20.12
210.48	-20.23
210.53	-20.22
210.58	-20.36
210.63	-20.35
210.68	-20.45
210.73	-20.49
210.78	-20.54
210.83	-20.58
210.88	-20.58
210.93	-20.72
210.98	-20.77
211.03	-20.86
211.08	-20.98
211.13	-20.99
211.18	-21.09
211.23	-21.18
211.28	-21.22
211.33	-21.19
211.38	-21.38
211.43	-21.39
211.48	-21.43
211.52	-21.63
211.57	-21.60
211.62	-21.66
211.67	-21.82
211.72	-21.86
211.77	-22.04
211.82	-22.10
211.87	-22.10
211.92	-22.35
211.97	-22.27
212.02	-22.52
212.07	-22.60
212.12	-22.62
212.17	-22.76
212.22	-22.74
212.27	-22.94
212.32	-23.03
212.37	-23.07
212.42	-23.26
212.47	-23.39
212.52	-23.41
212.57	-23.69
212.62	-23.59
212.67	-23.80
212.72	-23.78
212.77	-23.96
212.82	-24.10
212.87	-24.26
212.92	-24.33
212.97	-24.59
213.02	-24.79
213.07	-24.82
213.12	-25.05
213.17	-25.18
213.22	-25.33
213.27	-25.29
213.31	-25.60
213.36	-25.81
213.41	-25.97
213.46	-26.06
213.51	-26.17
213.56	-26.45
213.61	-26.53
213.66	-26.76
213.71	-26.77
213.76	-27.08
213.81	-27.21
213.86	-27.63
213.91	-27.47
213.96	-27.89
214.01	-28.12
214.06	-28.19
214.11	-28.60
214.16	-28.39
214.21	-28.75
214.26	-29.05
214.31	-29.23
214.36	-29.57
214.41	-29.44
214.46	-29.98
214.51	-30.11
214.56	-30.60
214.61	-30.57
214.66	-31.30
214.71	-31.53
214.76	-31.64
214.81	-31.96
214.86	-32.45
214.91	-32.86
214.96	-33.31
215.01	-33.65
215.06	-33.79
215.10	-34.33
215.15	-34.97
215.20	-35.15
215.25	-35.65
215.30	-36.53
215.35	-36.45
215.40	-37.10
215.45	-37.37
215.50	-37.82
215.55	-38.00
215.60	-38.87
215.65	-40.27
215.70	-40.31
215.75	-40.57
215.80	-41.22
215.85	-43.15
215.90	-41.64
215.95	-42.33
216.00	-42.87
216.05	-43.09
216.10	-41.69
216.15	-42.50
216.20	-41.67
216.25	-41.53
216.30	-41.20
216.35	-40.61
216.40	-39.42
216.45	-38.61
216.50	-38.86
216.55	-38.74
216.60	-37.83
216.65	-37.42
216.70	-36.88
216.75	-36.62
216.80	-35.56
216.85	-35.81
216.89	-34.76
216.94	-34.95
216.99	-34.28
217.04	-34.32
217.09	-33.49
217.14	-33.35
217.19	-33.00
217.24	-32.34
217.29	-32.01
217.34	-31.78
217.39	-31.81
217.44	-31.57
217.49	-31.06
217.54	-30.96
217.59	-30.88
217.64	-30.17
217.69	-30.31
217.74	-30.02
217.79	-29.68
217.84	-29.55
217.89	-29.34
217.94	-29.28
217.99	-29.02
218.04	-29.12
218.09	-28.63
218.14	-28.62
218.19	-28.19
218.24	-28.44
218.29	-27.98
218.34	-27.88
218.39	-27.65
218.44	-27.56
218.49	-27.36
218.54	-27.29
218.59	-27.04
218.64	-27.10
218.69	-26.94
218.73	-26.78
218.78	-26.46
218.83	-26.37
218.88	-26.44
218.93	-26.14
218.98	-26.11
219.03	-25.87
219.08	-25.83
219.13	-25.69
219.18	-25.61
219.23	-25.59
219.28	-25.35
219.33	-25.26
219.38	-25.15
219.43	-25.15
219.48	-24.96
219.53	-24.93
219.58	-24.90
219.63	-24.69
219.68	-24.64
219.73	-24.43
219.78	-24.48
219.83	-24.35
219.88	-24.45
219.93	-24.28
219.98	-24.21
220.03	-24.13
220.08	-24.13
220.13	-23.77
220.18	-23.92
220.23	-23.72
220.28	-23.82
220.33	-23.64
220.38	-23.63
220.43	-23.60
220.48	-23.58
220.52	-23.38
220.57	-23.48
220.62	-23.47
220.67	-23.45
220.72	-23.24
220.77	-23.26
220.82	-23.20
220.87	-23.22
220.92	-23.13
220.97	-23.03
221.02	-22.94
221.07	-22.87
221.12	-22.83
221.17	-22.77
221.22	-22.82
221.27	-22.76
221.32	-22.79
221.37	-22.78
221.42	-22.81
221.47	-22.60
221.52	-22.65
221.57	-22.67
221.62	-22.50
221.67	-22.57
221.72	-22.51
221.77	-22.36
221.82	-22.50
221.87	-22.31
221.92	-22.59
221.97	-22.44
222.02	-22.26
222.07	-22.27
222.12	-22.26
222.17	-22.29
222.22	-22.12
222.27	-22.31
222.31	-22.20
222.36	-22.27
222.41	-22.17
222.46	-22.20
222.51	-22.19
222.56	-22.15
222.61	-22.11
222.66	-22.22
222.71	-22.23
222.76	-22.10
222.81	-22.06
222.86	-22.01
222.91	-22.08
222.96	-22.07
223.01	-22.11
223.06	-22.07
223.11	-22.13
223.16	-22.02
223.21	-22.18
223.26	-22.09
223.31	-22.08
223.36	-22.17
223.41	-22.15
223.46	-22.31
223.51	-22.16
223.56	-22.12
223.61	-22.27
223.66	-22.27
223.71	-22.22
223.76	-22.29
223.81	-22.29
223.86	-22.21
223.91	-22.19
223.96	-22.37
224.01	-22.36
224.06	-22.43
224.10	-22.32
224.15	-22.32
224.20	-22.37
224.25	-22.52
224.30	-22.54
224.35	-22.38
224.40	-22.52
224.45	-22.51
224.50	-22.37
224.55	-22.54
224.60	-22.59
224.65	-22.66
224.70	-22.59
224.75	-22.74
224.80	-22.77
224.85	-22.74
224.90	-22.68
224.95	-22.73
225.00	-22.78
225.05	-22.85
225.10	-23.02
225.15	-22.95
225.20	-22.94
225.25	-23.00
225.30	-23.02
225.35	-23.08
225.40	-23.15
225.45	-23.27
225.50	-23.34
225.55	-23.36
225.60	-23.45
225.65	-23.40
225.70	-23.41
225.75	-23.65
225.80	-23.62
225.85	-23.65
225.89	-23.62
225.94	-23.83
225.99	-23.79
226.04	-23.91
226.09	-23.84
226.14	-23.94
226.19	-24.11
226.24	-24.09
226.29	-24.10
226.34	-24.29
226.39	-24.36
226.44	-24.43
226.49	-24.50
226.54	-24.53
226.59	-24.64
226.64	-24.71
226.69	-24.88
226.74	-24.86
226.79	-24.93
226.84	-24.94
226.89	-25.00
226.94	-25.19
226.99	-25.23
227.04	-25.51
227.09	-25.50
227.14	-25.53
227.19	-25.54
227.24	-25.80
227.29	-25.95
227.34	-25.99
227.39	-25.92
227.44	-25.92
227.49	-26.27
227.54	-26.53
227.59	-26.49
227.64	-26.54
227.69	-26.71
227.73	-26.69
227.78	-26.82
227.83	-26.98
227.88	-27.03
227.93	-27.14
227.98	-27.44
228.03	-27.24
228.08	-27.51
228.13	-27.58
228.18	-27.80
228.23	-27.73
228.28	-27.92
228.33	-27.84
228.38	-28.17
228.43	-28.13
228.48	-28.21
228.53	-28.08
228.58	-27.95
228.63	-28.42
228.68	-28.40
228.73	-28.46
228.78	-28.55
228.83	-28.48
228.88	-28.57
228.93	-28.89
228.98	-28.85
229.03	-28.93
229.08	-29.02
229.13	-29.08
229.18	-28.89
229.23	-29.44
229.28	-29.17
229.33	-29.36
229.38	-29.31
229.43	-29.39
229.48	-29.05
229.52	-29.46
229.57	-29.33
229.62	-29.22
229.67	-29.24
229.72	-29.27
229.77	-29.19
229.82	-29.13
229.87	-29.08
229.92	-29.03
229.97	-28.94
230.02	-29.12
230.07	-28.82
230.12	-28.84
230.17	-29.05
230.22	-28.85
230.27	-28.44
230.32	-28.53
230.37	-28.34
230.42	-28.27
230.47	-28.12
230.52	-28.22
230.57	-28.08
230.62	-27.84
230.67	-27.75
230.72	-27.50
230.77	-27.38
230.82	-27.50
230.87	-27.17
230.92	-26.94
230.97	-26.94
231.02	-26.87
231.07	-26.80
231.12	-26.87
231.17	-26.85
231.22	-26.62
231.27	-26.45
231.31	-26.43
231.36	-26.29
231.41	-26.08
231.46	-25.97
231.51	-25.92
231.56	-25.76
231.61	-25.61
231.66	-25.48
231.71	-25.38
231.76	-25.32
231.81	-25.08
231.86	-25.11
231.91	-24.95
231.96	-24.80
232.01	-24.86
232.06	-24.68
232.11	-24.68
232.16	-24.44
232.21	-24.33
232.26	-24.18
232.31	-23.99
232.36	-24.07
232.41	-23.82
232.46	-23.71
232.51	-23.71
232.56	-23.57
232.61	-23.53
232.66	-23.26
232.71	-23.33
232.76	-23.20
232.81	-23.02
232.86	-22.97
232.91	-22.89
232.96	-22.81
233.01	-22.75
233.06	-22.57
233.10	-22.57
233.15	-22.40
233.20	-22.34
233.25	-22.25
233.30	-22.13
233.35	-22.10
233.40	-21.94
233.45	-21.79
233.50	-21.85
233.55	-21.67
233.60	-21.52
233.65	-21.56
233.70	-21.51
233.75	-21.35
233.80	-21.36
233.85	-21.12
233.90	-21.19
233.95	-21.13
234.00	-21.08
234.05	-20.92
234.10	-20.96
234.15	-20.82
234.20	-20.65
234.25	-20.68
234.30	-20.58
234.35	-20.53
234.40	-20.53
234.45	-20.40
234.50	-20.42
234.55	-20.30
234.60	-20.24
234.65	-20.14
234.70	-20.11
234.75	-20.03
234.80	-20.03
234.85	-19.91
234.89	-19.84
234.94	-19.86
234.99	-19.75
235.04	-19.73
235.09	-19.80
235.14	-19.73
235.19	-19.64
235.24	-19.44
235.29	-19.51
235.34	-19.53
235.39	-19.43
235.44	-19.35
235.49	-19.33
235.54	-19.29
235.59	-19.22
235.64	-19.12
235.69	-19.22
235.74	-19.12
235.79	-19.09
235.84	-19.03
235.89	-19.00
235.94	-18.95
235.99	-18.91
236.04	-18.86
236.09	-18.80
236.14	-18.77
236.19	-18.71
236.24	-18.66
236.29	-18.62
236.34	-18.68
236.39	-18.62
236.44	-18.52
236.49	-18.53
236.54	-18.45
236.59	-18.48
236.64	-18.47
236.69	-18.39
236.73	-18.37
236.78	-18.31
236.83	-18.31
236.88	-18.23
236.93	-18.13
236.98	-18.19
237.03	-18.14
237.08	-18.20
237.13	-18.19
237.18	-18.10
237.23	-18.02
237.28	-18.05
237.33	-18.02
237.38	-18.01
237.43	-18.01
237.48	-17.96
237.53	-17.92
237.58	-17.97
237.63	-17.87
237.68	-17.86
237.73	-17.93
237.78	-17.86
237.83	-17.88
237.88	-17.85
237.93	-17.83
237.98	-17.84
238.03	-17.80
238.08	-17.85
238.13	-17.76
238.18	-17.83
238.23	-17.72
238.28	-17.77
238.33	-17.77
238.38	-17.78
238.43	-17.72
238.48	-17.72
238.52	-17.75
238.57	-17.67
238.62	-17.68
238.67	-17.69
238.72	-17.73
238.77	-17.70
238.82	-17.61
238.87	-17.67
238.92	-17.64
238.97	-17.68
239.02	-17.64
239.07	-17.68
239.12	-17.72
239.17	-17.64
239.22	-17.63
239.27	-17.69
239.32	-17.66
239.37	-17.63
239.42	-17.59
239.47	-17.63
239.52	-17.66
239.57	-17.66
239.62	-17.64
239.67	-17.57
239.72	-17.63
239.77	-17.72
239.82	-17.66
239.87	-17.70
239.92	-17.67
239.97	-17.72
240.02	-17.78
240.07	-17.76
240.12	-17.75
240.17	-17.79
240.22	-17.73
240.27	-17.78
240.31	-17.82
240.36	-17.80
240.41	-17.86
240.46	-17.80
240.51	-17.82
240.56	-17.88
240.61	-17.88
240.66	-17.90
240.71	-17.97
240.76	-17.96
240.81	-18.04
240.86	-17.98
240.91	-18.01
240.96	-17.99
241.01	-18.03
241.06	-18.05
241.11	-18.07
241.16	-18.05
241.21	-18.12
241.26	-18.16
241.31	-18.21
241.36	-18.14
241.41	-18.23
241.46	-18.35
241.51	-18.31
241.56	-18.24
241.61	-18.37
241.66	-18.36
241.71	-18.36
241.76	-18.42
241.81	-18.41
241.86	-18.43
241.91	-18.44
241.96	-18.46
242.01	-18.58
242.06	-18.55
242.10	-18.64
242.15	-18.61
242.20	-18.68
242.25	-18.68
242.30	-18.74
242.35	-18.81
242.40	-18.79
242.45	-18.85
242.50	-18.89
242.55	-18.94
242.60	-18.82
242.65	-18.98
242.70	-19.03
242.75	-19.04
242.80	-19.03
242.85	-19.08
242.90	-19.09
242.95	-19.19
243.00	-19.23
243.05	-19.17
243.10	-19.32
243.15	-19.29
243.20	-19.32
243.25	-19.37
243.30	-19.42
243.35	-19.51
243.40	-19.50
243.45	-19.52
243.50	-19.55
243.55	-19.74
243.60	-19.66
243.65	-19.67
243.70	-19.76
243.75	-19.77
243.80	-19.78
243.85	-19.81
243.89	-19.96
243.94	-19.91
243.99	-19.92
244.04	-19.96
244.09	-19.96
244.14	-20.07
244.19	-20.13
244.24	-20.05
244.29	-20.17
244.34	-20.20
244.39	-20.33
244.44	-20.20
244.49	-20.24
244.54	-20.34
244.59	-20.34
244.64	-20.43
244.69	-20.40
244.74	-20.46
244.79	-20.40
244.84	-20.52
244.89	-20.51
244.94	-20.41
244.99	-20.59
245.04	-20.63
245.09	-20.59
245.14	-20.66
245.19	-20.65
245.24	-20.61
245.29	-20.73
245.34	-20.75
245.39	-20.72
245.44	-20.75
245.49	-20.81
245.54	-20.82
245.59	-20.78
245.64	-20.81
245.69	-20.90
245.73	-20.83
245.78	-20.88
245.83	-20.83
245.88	-20.82
245.93	-20.85
245.98	-20.94
246.03	-20.82
246.08	-20.78
246.13	-20.88
246.18	-20.89
246.23	-20.83
246.28	-20.74
246.33	-20.79
246.38	-20.81
246.43	-20.77
246.48	-20.75
246.53	-20.71
246.58	-20.66
246.63	-20.71
246.68	-20.74
246.73	-20.63
246.78	-20.60
246.83	-20.66
246.88	-20.55
246.93	-20.56
246.98	-20.53
247.03	-20.45
247.08	-20.51
247.13	-20.32
247.18	-20.38
247.23	-20.45
247.28	-20.26
247.33	-20.23
247.38	-20.23
247.43	-20.12
247.48	-20.15
247.52	-20.01
247.57	-19.95
247.62	-19.93
247.67	-19.97
247.72	-19.82
247.77	-19.86
247.82	-19.73
247.87	-19.67
247.92	-19.62
247.97	-19.52
248.02	-19.46
248.07	-19.41
248.12	-19.38
248.17	-19.28
248.22	-19.22
248.27	-19.11
248.32	-19.10
248.37	-19.01
248.42	-18.93
248.47	-18.96
248.52	-17.63
250.61	-15.66
250.66	-15.55
250.71	-15.47
250.76	-15.51
250.81	-15.36
250.86	-15.30
250.91	-15.23
250.96	-15.15
251.01	-15.14
251.06	-15.06
251.10	-15.00
251.15	-14.95
251.20	-14.88
251.25	-14.82
251.30	-14.74
251.35	-14.69
251.40	-14.63
251.45	-14.54
251.50	-14.53
251.55	-14.44
251.60	-14.38
251.65	-14.34
251.70	-14.28
251.75	-14.20
251.80	-14.08
251.85	-14.08
251.90	-14.05
251.95	-13.96
252.00	-13.90
252.05	-13.85
252.10	-13.80
252.15	-13.75
252.20	-13.67
252.25	-13.64
252.30	-13.56
252.35	-13.50
252.40	-13.40
252.45	-13.34
252.50	-13.26
252.55	-13.22
252.60	-13.16
252.65	-13.10
252.70	-13.08
252.75	-13.02
252.80	-12.97
252.85	-12.94
252.90	-12.85
252.94	-12.80
252.99	-12.78
253.04	-12.73
253.09	-12.68
253.14	-12.61
253.19	-12.55
253.24	-12.49
253.29	-12.50
253.34	-12.40
253.39	-12.39
253.44	-12.34
253.49	-12.27
253.54	-12.25
253.59	-12.19
253.64	-12.15
253.69	-12.13
253.74	-12.06
253.79	-12.02
253.84	-11.96
253.89	-11.91
253.94	-11.88
253.99	-11.84
254.04	-11.77
254.09	-11.78
254.14	-11.72
254.19	-11.67
254.24	-11.61
254.29	-11.56
254.34	-11.54
254.39	-11.49
254.44	-11.47
254.49	-11.41
254.54	-11.34
254.59	-11.28
254.64	-11.26
254.69	-11.17
254.73	-11.16
254.78	-11.14
254.83	-11.09
254.88	-11.07
254.93	-10.99
254.98	-10.95
255.03	-10.93
255.08	-10.90
255.13	-10.87
255.18	-10.83
255.23	-10.80
255.28	-10.74
255.33	-10.72
255.38	-10.69
255.43	-10.67
255.48	-10.62
255.53	-10.60
255.58	-10.58
255.63	-10.52
255.68	-10.48
255.73	-10.48
255.78	-10.44
255.83	-10.42
255.88	-10.36
255.93	-10.29
255.98	-10.29
256.03	-10.25
256.08	-10.20
256.13	-10.17
256.18	-10.14
256.23	-10.13
256.28	-10.07
256.33	-10.05
256.38	-10.02
256.43	-9.97
256.48	-9.95
256.52	-9.92
256.57	-9.89
256.62	-9.87
256.67	-9.80
256.72	-9.79
256.77	-9.79
256.82	-9.75
256.87	-9.72
256.92	-9.68
256.97	-9.65
257.02	-9.62
257.07	-9.61
257.12	-9.57
257.17	-9.56
257.22	-9.53
257.27	-9.48
257.32	-9.48
257.37	-9.43
257.42	-9.45
257.47	-9.41
257.52	-9.37
257.57	-9.34
257.62	-9.30
257.67	-9.31
257.72	-9.25
257.77	-9.21
257.82	-9.20
257.87	-9.18
257.92	-9.14
257.97	-9.12
258.02	-9.08
258.07	-9.07
258.12	-9.04
258.17	-8.98
258.22	-9.01
258.27	-8.96
258.31	-8.96
258.36	-8.92
258.41	-8.88
258.46	-8.88
258.51	-8.84
258.56	-8.84
258.61	-8.81
258.66	-8.79
258.71	-8.76
258.76	-8.72
258.81	-8.71
258.86	-8.68
258.91	-8.65
258.96	-8.63
259.01	-8.63
259.06	-8.62
259.11	-8.61
259.16	-8.56
259.21	-8.55
259.26	-8.52
259.31	-8.51
259.36	-8.48
259.41	-8.45
259.46	-8.42
259.51	-8.42
259.56	-8.38
259.61	-8.37
259.66	-8.36
259.71	-8.36
259.76	-8.31
259.81	-8.27
259.86	-8.28
259.91	-8.25
259.96	-8.23
260.01	-8.22
260.06	-8.19
260.10	-8.15
260.15	-8.15
260.20	-8.14
260.25	-8.12
260.30	-8.11
260.35	-8.11
260.40	-8.06
260.45	-8.06
260.50	-8.02
260.55	-8.01
260.60	-7.96
260.65	-7.98
260.70	-7.97
260.75	-7.96
260.80	-7.94
260.85	-7.91
260.90	-7.88
260.95	-7.87
261.00	-7.86
261.05	-7.85
261.10	-7.82
261.15	-7.82
261.20	-7.79
261.25	-7.79
261.30	-7.76
261.35	-7.76
261.40	-7.74
261.45	-7.74
261.50	-7.69
261.55	-7.70
261.60	-7.68
261.65	-7.67
261.70	-7.67
261.75	-7.63
261.80	-7.63
261.85	-7.60
261.90	-7.59
261.94	-7.58
261.99	-7.57
262.04	-7.56
262.09	-7.52
262.14	-7.54
262.19	-7.50
262.24	-7.49
262.29	-7.50
262.34	-7.49
262.39	-7.48
262.44	-7.46
262.49	-7.45
262.54	-7.45
262.59	-7.43
262.64	-7.42
262.69	-7.41
262.74	-7.39
262.79	-7.39
262.84	-7.37
262.89	-7.40
262.94	-7.36
262.99	-7.36
263.04	-7.32
263.09	-7.32
263.14	-7.31
263.19	-7.30
263.24	-7.29
263.29	-7.29
263.34	-7.27
263.39	-7.26
263.44	-7.24
263.49	-7.23
263.54	-7.23
263.59	-7.23
263.64	-7.20
263.69	-7.20
263.73	-7.18
263.78	-7.18
263.83	-7.16
263.88	-7.15
263.93	-7.14
263.98	-7.12
264.03	-7.13
264.08	-7.10
264.13	-7.09
264.18	-7.10
264.23	-7.09
264.28	-7.09
264.33	-7.08
264.38	-7.07
264.43	-7.06
264.48	-7.05
264.53	-7.03
264.58	-7.04
264.63	-7.03
264.68	-7.04
264.73	-6.99
264.78	-7.01
264.83	-6.98
264.88	-6.99
264.93	-6.99
264.98	-6.99
265.03	-6.97
265.08	-6.96
265.13	-6.93
265.18	-6.94
265.23	-6.93
265.28	-6.93
265.33	-6.92
265.38	-6.91
265.43	-6.90
265.48	-6.90
265.52	-6.87
265.57	-6.88
265.62	-6.86
265.67	-6.87
265.72	-6.86
265.77	-6.85
265.82	-6.82
265.87	-6.85
265.92	-6.84
265.97	-6.83
266.02	-6.81
266.07	-6.81
266.12	-6.81
266.17	-6.79
266.22	-6.79
266.27	-6.77
266.32	-6.77
266.37	-6.78
266.42	-6.78
266.47	-6.77
266.52	-6.76
266.57	-6.75
266.62	-6.77
266.67	-6.76
266.72	-6.77
266.77	-6.74
266.82	-6.76
266.87	-6.74
266.92	-6.74
266.97	-6.72
267.02	-6.72
267.07	-6.71
267.12	-6.71
267.17	-6.71
267.22	-6.71
267.27	-6.70
267.31	-6.71
267.36	-6.70
267.41	-6.70
267.46	-6.72
267.51	-6.69
267.56	-6.69
267.61	-6.68
267.66	-6.68
267.71	-6.66
267.76	-6.67
267.81	-6.67
267.86	-6.64
267.91	-6.67
267.96	-6.66
268.01	-6.66
268.06	-6.65
268.11	-6.65
268.16	-6.65
268.21	-6.65
268.26	-6.64
268.31	-6.64
268.36	-6.64
268.41	-6.63
268.46	-6.62
268.51	-6.63
268.56	-6.64
268.61	-6.63
268.66	-6.63
268.71	-6.62
268.76	-6.63
268.81	-6.62
268.86	-6.62
268.91	-6.63
268.96	-6.61
269.01	-6.62
269.06	-6.62
269.10	-6.63
269.15	-6.62
269.20	-6.63
269.25	-6.63
269.30	-6.62
269.35	-6.63
269.40	-6.61
269.45	-6.63
269.50	-6.61
269.55	-6.58
269.60	-6.61
269.65	-6.62
269.70	-6.62
269.75	-6.62
269.80	-6.63
269.85	-6.61
269.90	-6.62
269.95	-6.62
270.00	-6.61
270.05	-6.61
270.10	-6.61
270.15	-6.62
270.20	-6.61
270.25	-6.62
270.30	-6.61
270.35	-6.64
270.40	-6.61
270.45	-6.62
270.50	-6.63
270.55	-6.62
270.60	-6.63
270.65	-6.62
270.70	-6.61
270.75	-6.63
270.80	-6.62
270.85	-6.64
270.90	-6.63
270.94	-6.62
270.99	-6.65
271.04	-6.62
271.09	-6.64
271.14	-6.64
271.19	-6.64
271.24	-6.66
271.29	-6.66
271.34	-6.64
271.39	-6.66
271.44	-6.65
271.49	-6.66
271.54	-6.64
271.59	-6.65
271.64	-6.66
271.69	-6.63
271.74	-6.65
271.79	-6.66
271.84	-6.65
271.89	-6.68
271.94	-6.65
271.99	-6.66
272.04	-6.68
272.09	-6.68
272.14	-6.68
272.19	-6.67
272.24	-6.68
272.29	-6.70
272.34	-6.69
272.39	-6.67
272.44	-6.70
272.49	-6.70
272.54	-6.70
272.59	-6.70
272.64	-6.71
272.69	-6.72
272.73	-6.69
272.78	-6.73
272.83	-6.71
272.88	-6.73
272.93	-6.75
272.98	-6.74
273.03	-6.75
273.08	-6.74
273.13	-6.74
273.18	-6.74
273.23	-6.76
273.28	-6.76
273.33	-6.77
273.38	-6.78
273.43	-6.78
273.48	-6.81
273.53	-6.82
273.58	-6.80
273.63	-6.81
273.68	-6.82
273.73	-6.83
273.78	-6.85
273.83	-6.83
273.88	-6.84
273.93	-6.86
273.98	-6.85
274.03	-6.87
274.08	-6.87
274.13	-6.88
274.18	-6.89
274.23	-6.89
274.28	-6.89
274.33	-6.91
274.38	-6.91
274.43	-6.92
274.48	-6.92
274.52	-6.93
274.57	-6.93
274.62	-6.93
274.67	-6.96
274.72	-6.95
274.77	-6.96
274.82	-6.97
274.87	-6.96
274.92	-6.98
274.97	-6.99
275.02	-7.00
275.07	-7.00
275.12	-7.02
275.17	-7.01
275.22	-7.02
275.27	-7.03
275.32	-7.05
275.37	-7.04
275.42	-7.06
275.47	-7.07
275.52	-7.07
275.57	-7.08
275.62	-7.09
275.67	-7.10
275.72	-7.09
275.77	-7.11
275.82	-7.11
275.87	-7.14
275.92	-7.13
275.97	-7.16
276.02	-7.17
276.07	-7.15
276.12	-7.16
276.17	-7.16
276.22	-7.20
276.27	-7.19
276.31	-7.20
276.36	-7.20
276.41	-7.24
276.46	-7.24
276.51	-7.24
276.56	-7.27
276.61	-7.25
276.66	-7.26
276.71	-7.29
276.76	-7.29
276.81	-7.29
276.86	-7.31
276.91	-7.34
276.96	-7.35
277.01	-7.35
277.06	-7.36
277.11	-7.35
277.16	-7.39
277.21	-7.41
277.26	-7.41
277.31	-7.44
277.36	-7.44
277.41	-7.43
277.46	-7.47
277.51	-7.47
277.56	-7.47
277.61	-7.48
277.66	-7.50
277.71	-7.54
277.76	-7.53
277.81	-7.54
277.86	-7.57
277.91	-7.56
277.96	-7.59
278.01	-7.60
278.06	-7.59
278.10	-7.62
278.15	-7.63
278.20	-7.66
278.25	-7.64
278.30	-7.69
278.35	-7.70
278.40	-7.70
278.45	-7.72
278.50	-7.73
278.55	-7.75
278.60	-7.77
278.65	-7.81
278.70	-7.81
278.75	-7.81
278.80	-7.84
278.85	-7.85
278.90	-7.86
278.95	-7.86
279.00	-7.88
279.05	-7.91
279.10	-7.93
279.15	-7.94
279.20	-7.95
279.25	-7.97
279.30	-7.99
279.35	-8.03
279.40	-8.02
279.45	-8.04
279.50	-8.06
279.55	-8.08
279.60	-8.11
279.65	-8.10
279.70	-8.12
279.75	-8.11
279.80	-8.15
279.85	-8.18
279.90	-8.19
279.94	-8.18
279.99	-8.20
280.04	-8.22
280.09	-8.25
280.14	-8.26
280.19	-8.29
280.24	-8.29
280.29	-8.31
280.34	-8.34
280.39	-8.34
280.44	-8.39
280.49	-8.38
280.54	-8.41
280.59	-8.43
280.64	-8.46
280.69	-8.46
280.74	-8.49
280.79	-8.53
280.84	-8.56
280.89	-8.57
280.94	-8.59
280.99	-8.60
281.04	-8.63
281.09	-8.65
281.14	-8.67
281.19	-8.69
281.24	-8.71
281.29	-8.71
281.34	-8.79
281.39	-8.80
281.44	-8.83
281.49	-8.82
281.54	-8.84
281.59	-8.91
281.64	-8.91
281.69	-8.94
281.73	-8.96
281.78	-8.97
281.83	-8.99
281.88	-9.01
281.93	-9.05
281.98	-9.09
282.03	-9.10
282.08	-9.15
282.13	-9.15
282.18	-9.18
282.23	-9.20
282.28	-9.25
282.33	-9.24
282.38	-9.29
282.43	-9.32
282.48	-9.35
282.53	-9.40
282.58	-9.39
282.63	-9.44
282.68	-9.44
282.73	-9.45
282.78	-9.49
282.83	-9.54
282.88	-9.57
282.93	-9.59
282.98	-9.63
283.03	-9.66
283.08	-9.67
283.13	-9.70
283.18	-9.75
283.23	-9.77
283.28	-9.78
283.33	-9.85
283.38	-9.86
283.43	-9.88
283.48	-9.92
283.52	-9.96
283.57	-9.98
283.62	-10.01
283.67	-10.01
283.72	-10.08
283.77	-10.10
283.82	-10.11
283.87	-10.19
283.92	-10.19
283.97	-10.21
284.02	-10.25
284.07	-10.29
284.12	-10.32
284.17	-10.34
284.22	-10.40
284.27	-10.41
284.32	-10.45
284.37	-10.48
284.42	-10.55
284.47	-10.55
284.52	-10.58
284.57	-10.64
284.62	-10.65
284.67	-10.68
284.72	-10.74
284.77	-10.77
284.82	-10.83
284.87	-10.85
284.92	-10.88
284.97	-10.91
285.02	-10.96
285.07	-10.98
285.12	-11.06
285.17	-11.04
285.22	-11.12
285.27	-11.14
285.31	-11.17
285.36	-11.22
285.41	-11.30
285.46	-11.32
285.51	-11.36
285.56	-11.41
285.61	-11.42
285.66	-11.50
285.71	-11.55
285.76	-11.58
285.81	-11.64
285.86	-11.68
285.91	-11.73
285.96	-11.81
286.01	-11.79
286.06	-11.86
286.11	-11.93
286.16	-11.95
286.21	-12.00
286.26	-12.05
286.31	-12.09
286.36	-12.17
286.41	-12.21
286.46	-12.23
286.51	-12.26
286.56	-12.31
286.61	-12.37
286.66	-12.44
286.71	-12.43
286.76	-12.52
286.81	-12.55
286.86	-12.59
286.91	-12.65
286.96	-12.76
287.01	-12.79
287.06	-12.78
287.10	-12.88
287.15	-12.92
287.20	-12.95
287.25	-13.02
287.30	-13.10
287.35	-13.15
287.40	-13.22
287.45	-13.23
287.50	-13.28
287.55	-13.34
287.60	-13.45
287.65	-13.46
287.70	-13.54
287.75	-13.56
287.80	-13.66
287.85	-13.71
287.90	-13.79
287.95	-13.84
288.00	-13.90
288.05	-13.93
288.10	-13.97
288.15	-14.05
288.20	-14.08
288.25	-14.18
288.30	-14.24
288.35	-14.26
288.40	-14.31
288.45	-14.40
288.50	-14.47
288.55	-14.52
288.60	-14.61
288.65	-14.62
288.70	-14.70
288.75	-14.80
288.80	-14.84
288.85	-14.88
288.90	-15.01
288.94	-15.04
288.99	-15.16
289.04	-15.22
289.09	-15.26
289.14	-15.37
289.19	-15.38
289.24	-15.50
289.29	-15.53
289.34	-15.60
289.39	-15.68
289.44	-15.77
289.49	-15.84
289.54	-15.94
289.59	-16.06
289.64	-16.04
289.69	-16.18
289.74	-16.24
289.79	-16.36
289.84	-16.39
289.89	-16.46
289.94	-16.56
289.99	-16.61
290.04	-16.72
290.09	-16.80
290.14	-16.85
290.19	-16.95
290.24	-17.05
290.29	-17.11
290.34	-17.20
290.39	-17.25
290.44	-17.40
290.49	-17.44
290.54	-17.57
290.59	-17.58
290.64	-17.64
290.69	-17.81
290.73	-17.83
290.78	-17.92
290.83	-18.02
290.88	-18.15
290.93	-18.25
290.98	-18.33
291.03	-18.47
291.08	-18.55
291.13	-18.60
291.18	-18.69
291.23	-18.83
291.28	-18.84
291.33	-18.93
291.38	-19.06
291.43	-19.10
291.48	-19.25
291.53	-19.40
291.58	-19.38
291.63	-19.56
291.68	-19.62
291.73	-19.64
291.78	-19.81
291.83	-19.87
291.88	-19.92
291.93	-20.06
291.98	-20.20
292.03	-20.27
292.08	-20.44
292.13	-20.45
292.18	-20.54
292.23	-20.61
292.28	-20.72
292.33	-20.81
292.38	-21.00
292.43	-21.07
292.48	-21.20
292.52	-21.25
292.57	-21.32
292.62	-21.33
292.67	-21.49
292.72	-21.56
292.77	-21.58
292.82	-21.68
292.87	-21.82
292.92	-21.82
292.97	-21.98
293.02	-22.04
293.07	-22.16
293.12	-22.31
293.17	-22.27
293.22	-22.26
293.27	-22.44
293.32	-22.52
293.37	-22.57
293.42	-22.70
293.47	-22.68
293.52	-22.76
293.57	-22.89
293.62	-22.82
293.67	-22.96
293.72	-23.00
293.77	-23.00
293.82	-23.14
293.87	-23.04
293.92	-23.21
293.97	-23.27
294.02	-23.15
294.07	-23.24
294.12	-23.24
294.17	-23.26
294.22	-23.26
294.27	-23.32
294.31	-23.27
294.36	-23.13
294.41	-23.33
294.46	-23.22
294.51	-23.26
294.56	-23.24
294.61	-23.34
294.66	-23.38
294.71	-23.31
294.76	-23.50
294.81	-23.36
294.86	-23.22
294.91	-23.31
294.96	-23.17
295.01	-23.27
295.06	-23.29
295.11	-23.25
295.16	-23.32
295.21	-23.26
295.26	-23.07
295.31	-23.21
295.36	-23.12
295.41	-23.06
295.46	-23.12
295.51	-22.97
295.56	-22.98
295.61	-22.97
295.66	-22.95
295.71	-22.94
295.76	-22.71
295.81	-22.70
295.86	-22.75
295.91	-22.64
295.96	-22.55
296.01	-22.54
296.06	-22.51
296.10	-22.56
296.15	-22.36
296.20	-22.32
296.25	-22.36
296.30	-22.21
296.35	-22.19
296.40	-22.12
296.45	-22.13
296.50	-22.01
296.55	-21.94
296.60	-21.87
296.65	-21.81
296.70	-21.72
296.75	-21.68
296.80	-21.63
296.85	-21.53
296.90	-21.64
296.95	-21.65
297.00	-21.48
297.05	-21.39
297.10	-21.33
297.15	-21.35
297.20	-21.19
297.25	-21.14
297.30	-21.05
297.35	-20.99
297.40	-21.00
297.45	-20.87
297.50	-20.82
297.55	-20.84
297.60	-20.73
297.65	-20.72
297.70	-20.58
297.75	-20.60
297.80	-20.46
297.85	-20.46
297.90	-20.45
297.94	-20.43
297.99	-20.33
298.04	-20.31
298.09	-20.25
298.14	-20.20
298.19	-20.16
298.24	-20.06
298.29	-19.97
298.34	-20.00
298.39	-19.85
298.44	-19.95
298.49	-19.79
298.54	-19.82
298.59	-19.78
298.64	-19.73
298.69	-19.67
298.74	-19.71
298.79	-19.52
298.84	-19.58
298.89	-19.48
298.94	-19.51
298.99	-19.44
299.04	-19.44
299.09	-19.51
299.14	-19.43
299.19	-19.35
299.24	-19.33
299.29	-19.30
299.34	-19.31
299.39	-19.23
299.44	-19.23
299.49	-19.18
299.54	-19.11
299.59	-19.06
299.64	-19.09
299.69	-19.10
299.73	-19.06
299.78	-18.97
299.83	-18.91
299.88	-18.96
299.93	-19.06
299.98	-18.89
300.03	-18.93
300.08	-18.86
300.13	-18.88
300.18	-18.82
300.23	-18.82
300.28	-18.74
300.33	-18.73
300.38	-18.76
300.43	-18.75
300.48	-18.72
300.53	-18.69
300.58	-18.74
300.63	-18.62
300.68	-18.72
300.73	-18.71
300.78	-18.61
300.83	-18.71
300.88	-18.70
300.93	-18.63
300.98	-18.65
301.03	-18.54
301.08	-18.62
301.13	-18.63
301.18	-18.59
301.23	-18.59
301.28	-18.60
301.33	-18.61
301.38	-18.60
301.43	-18.60
301.48	-18.61
301.52	-18.58
301.57	-18.57
301.62	-18.56
301.67	-18.57
301.72	-18.60
301.77	-18.54
301.82	-18.52
301.87	-18.64
301.92	-18.61
301.97	-18.54
302.02	-18.58
302.07	-18.58
302.12	-18.59
302.17	-18.60
302.22	-18.57
302.27	-18.66
302.32	-18.59
302.37	-18.64
302.42	-18.61
302.47	-18.60
302.52	-18.60
302.57	-18.62
302.62	-18.68
302.67	-18.62
302.72	-18.77
302.77	-18.74
302.82	-18.72
302.87	-18.73
302.92	-18.79
302.97	-18.75
303.02	-18.90
303.07	-18.84
303.12	-18.80
303.17	-18.89
303.22	-18.88
303.27	-18.92
303.31	-18.89
303.36	-18.98
303.41	-18.97
303.46	-18.98
303.51	-18.96
303.56	-19.04
303.61	-19.12
303.66	-19.10
303.71	-19.11
303.76	-19.15
303.81	-19.17
303.86	-19.27
303.91	-19.20
303.96	-19.28
304.01	-19.38
304.06	-19.38
304.11	-19.43
304.16	-19.43
304.21	-19.46
304.26	-19.45
304.31	-19.53
304.36	-19.61
304.41	-19.60
304.46	-19.63
304.51	-19.67
304.56	-19.60
304.61	-19.77
304.66	-19.74
304.71	-19.82
304.76	-19.88
304.81	-19.85
304.86	-19.97
304.91	-20.04
304.96	-20.00
305.01	-20.16
305.06	-20.12
305.10	-20.20
305.15	-20.25
305.20	-20.27
305.25	-20.28
305.30	-20.37
305.35	-20.45
305.40	-20.50
305.45	-20.54
305.50	-20.62
305.55	-20.61
305.60	-20.68
305.65	-20.76
305.70	-20.75
305.75	-20.88
305.80	-21.00
305.85	-21.05
305.90	-21.07
305.95	-21.13
306.00	-21.18
306.05	-21.29
306.10	-21.35
306.15	-21.43
306.20	-21.54
306.25	-21.55
306.30	-21.67
306.35	-21.72
306.40	-21.83
306.45	-21.81
306.50	-21.88
306.55	-22.07
306.60	-22.07
306.65	-22.09
306.70	-22.33
306.75	-22.31
306.80	-22.50
306.85	-22.50
306.90	-22.62
306.94	-22.75
306.99	-22.66
307.04	-22.88
307.09	-22.90
307.14	-22.87
307.19	-23.13
307.24	-23.25
307.29	-23.30
307.34	-23.39
307.39	-23.56
307.44	-23.49
307.49	-23.69
307.54	-23.76
307.59	-23.86
307.64	-24.01
307.69	-24.02
307.74	-24.23
307.79	-24.38
307.84	-24.51
307.89	-24.54
307.94	-24.73
307.99	-24.91
308.04	-25.04
308.09	-25.06
308.14	-25.17
308.19	-25.31
308.24	-25.57
308.29	-25.53
308.34	-25.62
308.39	-26.06
308.44	-26.11
308.49	-26.25
308.54	-26.44
308.59	-26.41
308.64	-26.62
308.69	-26.63
308.73	-27.13
308.78	-27.09
308.83	-27.06
308.88	-27.30
308.93	-27.59
308.98	-27.84
309.03	-28.02
309.08	-28.07
309.13	-28.07
309.18	-28.56
309.23	-28.46
309.28	-28.74
309.33	-29.00
309.38	-29.17
309.43	-29.73
309.48	-29.62
309.53	-29.80
309.58	-30.16
309.63	-29.87
309.68	-30.38
309.73	-30.51
309.78	-30.65
309.83	-31.32
309.88	-31.34
309.93	-31.44
309.98	-31.50
310.03	-31.76
310.08	-32.19
310.13	-31.96
310.18	-32.61
310.23	-32.34
310.28	-32.93
310.33	-32.87
310.38	-33.15
310.43	-32.94
310.48	-33.27
310.52	-33.13
310.57	-32.97
310.62	-33.26
310.67	-33.41
310.72	-33.44
310.77	-33.15
310.82	-33.38
310.87	-33.61
310.92	-33.66
310.97	-33.70
311.02	-33.56
311.07	-33.11
311.12	-33.25
311.17	-33.48
311.22	-33.40
311.27	-32.97
311.32	-32.93
311.37	-32.65
311.42	-32.43
311.47	-32.67
311.52	-32.24
311.57	-32.40
311.62	-31.82
311.67	-32.25
311.72	-31.93
311.77	-31.92
311.82	-31.50
311.87	-31.59
311.92	-31.26
311.97	-30.79
312.02	-30.72
312.07	-30.43
312.12	-30.68
312.17	-29.77
312.22	-30.18
312.27	-29.94
312.31	-29.65
312.36	-29.38
312.41	-29.42
312.46	-29.35
312.51	-29.26
312.56	-29.01
312.61	-28.85
312.66	-28.80
312.71	-28.46
312.76	-28.26
312.81	-28.31
312.86	-28.18
312.91	-28.01
312.96	-28.14
313.01	-27.70
313.06	-27.81
313.11	-27.70
313.16	-27.33
313.21	-27.36
313.26	-27.13
313.31	-26.95
313.36	-26.97
313.41	-26.83
313.46	-26.66
313.51	-26.60
313.56	-26.41
313.61	-26.47
313.66	-26.31
313.71	-26.39
313.76	-26.11
313.81	-26.10
313.86	-25.96
313.91	-25.83
313.96	-25.79
314.01	-25.83
314.06	-25.63
314.10	-25.48
314.15	-25.56
314.20	-25.44
314.25	-25.27
314.30	-25.41
314.35	-25.19
314.40	-25.16
314.45	-25.16
314.50	-25.11
314.55	-24.92
314.60	-24.71
314.65	-24.64
314.70	-24.59
314.75	-24.58
314.80	-24.41
314.85	-24.41
314.90	-24.33
314.95	-24.39
315.00	-24.42
315.05	-24.37
315.10	-24.22
315.15	-24.20
315.20	-24.15
315.25	-23.98
315.30	-23.98
315.35	-23.92
315.40	-23.85
315.45	-23.87
315.50	-23.98
315.55	-23.73
315.60	-23.63
315.65	-23.72
315.70	-23.67
315.75	-23.66
315.80	-23.67
315.85	-23.59
315.90	-23.54
315.94	-23.62
315.99	-23.53
316.04	-23.46
316.09	-23.48
316.14	-23.30
316.19	-23.36
316.24	-23.41
316.29	-23.24
316.34	-23.26
316.39	-23.27
316.44	-23.41
316.49	-23.33
316.54	-23.26
316.59	-23.23
316.64	-23.17
316.69	-23.13
316.74	-23.11
316.79	-23.16
316.84	-23.01
316.89	-23.07
316.94	-23.00
316.99	-23.06
317.04	-22.96
317.09	-23.10
317.14	-23.15
317.19	-23.06
317.24	-22.98
317.29	-23.12
317.34	-23.03
317.39	-23.02
317.44	-22.94
317.49	-22.93
317.54	-23.04
317.59	-23.08
317.64	-23.13
317.69	-23.14
317.73	-23.10
317.78	-22.88
317.83	-23.04
317.88	-23.04
317.93	-23.03
317.98	-23.21
318.03	-22.99
318.08	-23.06
318.13	-23.13
318.18	-23.20
318.23	-23.25
318.28	-23.24
318.33	-23.26
318.38	-23.17
318.43	-23.19
318.48	-23.22
318.53	-23.31
318.58	-23.27
318.63	-23.33
318.68	-23.20
318.73	-23.41
318.78	-23.38
318.83	-23.29
318.88	-23.49
318.93	-23.29
318.98	-23.41
319.03	-23.46
319.08	-23.42
319.13	-23.57
319.18	-23.46
319.23	-23.55
319.28	-23.62
319.33	-23.66
319.38	-23.62
319.43	-23.78
319.48	-23.84
319.52	-23.82
319.57	-23.88
319.62	-23.89
319.67	-23.98
319.72	-24.00
319.77	-24.03
319.82	-24.02
319.87	-24.24
319.92	-24.30
319.97	-24.21
320.02	-24.41
320.07	-24.43
320.12	-24.56
320.17	-24.51
320.22	-24.70
320.27	-24.72
320.32	-24.77
320.37	-24.97
320.42	-24.81
320.47	-25.08
320.52	-25.02
320.57	-25.13
320.62	-25.17
320.67	-25.35
320.72	-25.18
320.77	-25.48
320.82	-25.78
320.87	-25.57
320.92	-25.58
320.97	-25.88
321.02	-25.91
321.07	-25.99
321.12	-26.09
321.17	-26.12
321.22	-26.14
321.27	-26.26
321.31	-26.56
321.36	-26.57
321.41	-26.76
321.46	-27.09
321.51	-26.96
321.56	-27.08
321.61	-27.33
321.66	-27.33
321.71	-27.52
321.76	-27.80
321.81	-27.72
321.86	-27.91
321.91	-28.19
321.96	-28.22
322.01	-28.19
322.06	-28.44
322.11	-28.48
322.16	-28.59
322.21	-28.71
322.26	-29.14
322.31	-29.19
322.36	-29.32
322.41	-29.45
322.46	-29.39
322.51	-29.68
322.56	-29.63
322.61	-29.79
322.66	-30.40
322.71	-30.28
322.76	-30.73
322.81	-30.63
322.86	-30.97
322.91	-31.00
322.96	-31.02
323.01	-31.28
323.06	-31.31
323.10	-31.57
323.15	-31.69
323.20	-32.05
323.25	-31.83
323.30	-32.59
323.35	-32.23
323.40	-32.28
323.45	-32.33
323.50	-32.71
323.55	-32.73
323.60	-32.36
323.65	-33.00
323.70	-33.02
323.75	-32.97
323.80	-32.89
323.85	-33.03
323.90	-33.26
323.95	-33.07
324.00	-32.94
324.05	-33.21
324.10	-33.37
324.15	-33.16
324.20	-33.20
324.25	-33.04
324.30	-32.93
324.35	-32.77
324.40	-32.58
324.45	-32.36
324.50	-32.63
324.55	-32.26
324.60	-31.99
324.65	-31.76
324.70	-32.00
324.75	-31.48
324.80	-31.10
324.85	-31.33
324.90	-31.13
324.94	-30.74
324.99	-30.78
325.04	-30.84
325.09	-30.41
325.14	-30.09
325.19	-30.01
325.24	-29.75
325.29	-29.78
325.34	-29.06
325.39	-29.36
325.44	-29.03
325.49	-29.04
325.54	-28.89
325.59	-28.49
325.64	-28.35
325.69	-28.21
325.74	-28.08
325.79	-27.81
325.84	-27.66
325.89	-27.60
325.94	-27.24
325.99	-27.46
326.04	-27.21
326.09	-26.79
326.14	-26.81
326.19	-26.74
326.24	-26.52
326.29	-26.12
326.34	-26.12
326.39	-26.07
326.44	-25.79
326.49	-25.84
326.54	-25.40
326.59	-25.49
326.64	-25.23
326.69	-24.98
326.73	-24.96
326.78	-24.83
326.83	-24.47
326.88	-24.56
326.93	-24.48
326.98	-24.28
327.03	-24.20
327.08	-24.05
327.13	-23.92
327.18	-23.77
327.23	-23.74
327.28	-23.51
327.33	-23.51
327.38	-23.54
327.43	-23.30
327.48	-23.13
327.53	-23.22
327.58	-23.15
327.63	-22.92
327.68	-22.80
327.73	-22.75
327.78	-22.77
327.83	-22.63
327.88	-22.49
327.93	-22.41
327.98	-22.36
328.03	-22.19
328.08	-22.16
328.13	-22.00
328.18	-21.88
328.23	-21.84
328.28	-21.86
328.33	-21.69
328.38	-21.65
328.43	-21.60
328.48	-21.41
328.52	-21.35
328.57	-21.28
328.62	-21.22
328.67	-21.08
328.72	-21.10
328.77	-21.06
328.82	-20.92
328.87	-20.79
328.92	-20.81
328.97	-20.78
329.02	-20.63
329.07	-20.46
329.12	-20.55
329.17	-20.41
329.22	-20.40
329.27	-20.30
329.32	-20.29
329.37	-20.19
329.42	-20.11
329.47	-20.01
329.52	-20.09
329.57	-20.01
329.62	-19.86
329.67	-19.81
329.72	-19.87
329.77	-19.81
329.82	-19.66
329.87	-19.63
329.92	-19.65
329.97	-19.58
330.02	-19.47
330.07	-19.52
330.12	-19.37
330.17	-19.43
330.22	-19.24
330.27	-19.24
330.31	-19.20
330.36	-19.15
330.41	-19.12
330.46	-19.16
330.51	-19.11
330.56	-18.96
330.61	-18.89
330.66	-18.92
330.71	-18.83
330.76	-18.83
330.81	-18.77
330.86	-18.70
330.91	-18.72
330.96	-18.68
331.01	-18.73
331.06	-18.67
331.11	-18.59
331.16	-18.54
331.21	-18.55
331.26	-18.45
331.31	-18.47
331.36	-18.37
331.41	-18.39
331.46	-18.37
331.51	-18.40
331.56	-18.33
331.61	-18.30
331.66	-18.26
331.71	-18.23
331.76	-18.23
331.81	-18.23
331.86	-18.20
331.91	-18.13
331.96	-18.22
332.01	-18.14
332.06	-18.07
332.10	-18.09
332.15	-18.06
332.20	-18.01
332.25	-17.96
332.30	-18.06
332.35	-18.03
332.40	-17.97
332.45	-17.97
332.50	-17.93
332.55	-17.91
332.60	-17.82
332.65	-17.86
332.70	-17.81
332.75	-17.82
332.80	-17.85
332.85	-17.86
332.90	-17.82
332.95	-17.79
333.00	-17.80
333.05	-17.83
333.10	-17.87
333.15	-17.80
333.20	-17.75
333.25	-17.83
333.30	-17.76
333.35	-17.78
333.40	-17.76
333.45	-17.80
333.50	-17.73
333.55	-17.84
333.60	-17.77
333.65	-17.82
333.70	-17.79
333.75	-17.84
333.80	-17.81
333.85	-17.83
333.90	-17.80
333.94	-17.77
333.99	-17.76
334.04	-17.80
334.09	-17.89
334.14	-17.86
334.19	-17.85
334.24	-17.95
334.29	-17.90
334.34	-17.95
334.39	-17.91
334.44	-17.87
334.49	-17.90
334.54	-17.90
334.59	-17.91
334.64	-17.96
334.69	-17.95
334.74	-18.02
334.79	-17.97
334.84	-17.98
334.89	-18.09
334.94	-17.97
334.99	-18.11
335.04	-18.10
335.09	-18.12
335.14	-18.14
335.19	-18.17
335.24	-18.16
335.29	-18.21
335.34	-18.15
335.39	-18.21
335.44	-18.22
335.49	-18.25
335.54	-18.32
335.59	-18.29
335.64	-18.33
335.69	-18.39
335.73	-18.32
335.78	-18.42
335.83	-18.44
335.88	-18.56
335.93	-18.49
335.98	-18.51
336.03	-18.54
336.08	-18.56
336.13	-18.61
336.18	-18.66
336.23	-18.73
336.28	-18.74
336.33	-18.70
336.38	-18.76
336.43	-18.78
336.48	-18.90
336.53	-18.94
336.58	-18.95
336.63	-18.89
336.68	-19.01
336.73	-19.04
336.78	-19.08
336.83	-19.11
336.88	-19.17
336.93	-19.25
336.98	-19.30
337.03	-19.28
337.08	-19.40
337.13	-19.44
337.18	-19.49
337.23	-19.49
337.28	-19.61
337.33	-19.61
337.38	-19.60
337.43	-19.61
337.48	-19.73
337.52	-19.85
337.57	-19.86
337.62	-19.92
337.67	-19.96
337.72	-20.10
337.77	-20.07
337.82	-20.10
337.87	-20.25
337.92	-20.23
337.97	-20.43
338.02	-20.43
338.07	-20.46
338.12	-20.54
338.17	-20.55
338.22	-20.62
338.27	-20.78
338.32	-20.85
338.37	-20.91
338.42	-20.88
338.47	-21.09
338.52	-21.24
338.57	-21.23
338.62	-21.24
338.67	-21.35
338.72	-21.51
338.77	-21.55
338.82	-21.63
338.87	-21.68
338.92	-21.82
338.97	-21.76
339.02	-21.98
339.07	-22.02
339.12	-22.05
339.17	-22.21
339.22	-22.20
339.27	-22.41
339.31	-22.46
339.36	-22.49
339.41	-22.54
339.46	-22.64
339.51	-22.78
339.56	-22.95
339.61	-22.98
339.66	-22.95
339.71	-23.25
339.76	-23.33
339.81	-23.34
339.86	-23.36
339.91	-23.50
339.96	-23.62
340.01	-23.70
340.06	-23.81
340.11	-23.94
340.16	-24.07
340.21	-24.22
340.26	-24.25
340.31	-24.47
340.36	-24.70
340.41	-24.67
340.46	-24.79
340.51	-25.00
340.56	-24.86
340.61	-25.11
340.66	-25.06
340.71	-25.29
340.76	-25.45
340.81	-25.29
340.86	-25.64
340.91	-25.83
340.96	-25.99
341.01	-26.03
341.06	-26.00
341.10	-26.11
341.15	-26.27
341.20	-26.50
341.25	-26.52
341.30	-26.72
341.35	-26.48
341.40	-26.80
341.45	-26.52
341.50	-26.74
341.55	-26.77
341.60	-26.82
341.65	-27.10
341.70	-27.03
341.75	-26.97
341.80	-27.14
341.85	-27.14
341.90	-27.20
341.95	-27.08
342.00	-27.35
342.05	-27.32
342.10	-27.14
342.15	-27.18
342.20	-27.14
342.25	-27.21
342.30	-27.22
342.35	-27.25
342.40	-26.85
342.45	-26.83
342.50	-26.84
342.55	-26.86
342.60	-26.77
342.65	-26.59
342.70	-26.52
342.75	-26.36
342.80	-26.25
342.85	-26.14
342.90	-25.90
342.94	-25.72
342.99	-25.83
343.04	-25.66
343.09	-25.52
343.14	-25.21
343.19	-25.11
343.24	-24.99
343.29	-24.86
343.34	-24.80
343.39	-24.58
343.44	-24.45
343.49	-24.31
343.54	-24.13
343.59	-23.89
343.64	-23.86
343.69	-23.90
343.74	-23.65
343.79	-23.39
343.84	-23.28
343.89	-23.03
343.94	-22.93
343.99	-22.81
344.04	-22.62
344.09	-22.56
344.14	-22.35
344.19	-22.14
344.24	-22.12
344.29	-21.95
344.34	-21.78
344.39	-21.79
344.44	-21.44
344.49	-21.39
344.54	-21.31
344.59	-21.13
344.64	-21.04
344.69	-20.84
344.73	-20.81
344.78	-20.52
344.83	-20.41
344.88	-20.31
344.93	-20.19
344.98	-20.10
345.03	-19.96
345.08	-19.86
345.13	-19.71
345.18	-19.59
345.23	-19.41
345.28	-19.33
345.33	-19.25
345.38	-19.19
345.43	-19.10
345.48	-18.87
345.53	-18.85
345.58	-18.80
345.63	-18.60
345.68	-18.49
345.73	-18.38
345.78	-18.22
345.83	-18.11
345.88	-18.01
345.93	-17.93
345.98	-17.87
346.03	-17.72
346.08	-17.64
346.13	-17.49
346.18	-17.46
346.23	-17.34
346.28	-17.27
346.33	-17.15
346.38	-17.11
346.43	-16.98
346.48	-16.81
346.52	-16.79
346.57	-16.67
346.62	-16.54
346.67	-16.52
346.72	-16.37
346.77	-16.28
346.82	-16.19
346.87	-16.05
346.92	-16.02
346.97	-15.97
347.02	-15.85
347.07	-15.74
347.12	-15.70
347.17	-15.59
347.22	-15.53
347.27	-15.44
347.32	-15.36
347.37	-15.25
347.42	-15.16
347.47	-15.04
347.52	-14.97
347.57	-14.94
347.62	-14.86
347.67	-14.73
347.72	-14.67
347.77	-14.57
347.82	-14.54
347.87	-14.50
347.92	-14.39
347.97	-14.34
348.02	-14.25
348.07	-14.16
348.12	-14.07
348.17	-14.01
348.22	-13.99
348.27	-13.87
348.31	-13.84
348.36	-13.74
348.41	-13.70
348.46	-13.64
348.51	-13.55
348.56	-13.50
348.61	-13.42
348.66	-13.35
348.71	-13.28
348.76	-13.21
348.81	-13.17
348.86	-13.06
348.91	-13.04
348.96	-12.94
349.01	-12.89
349.06	-12.84
349.11	-12.78
349.16	-12.74
349.21	-12.63
349.26	-12.59
349.31	-12.51
349.36	-12.47
349.41	-12.38
349.46	-12.34
349.51	-12.28
349.56	-12.25
349.61	-12.19
349.66	-12.12
349.71	-12.09
349.76	-12.04
349.81	-11.97
349.86	-11.91
349.91	-11.87
349.96	-11.76
350.01	-11.75
350.06	-11.70
350.10	-11.66
350.15	-11.61
350.20	-11.55
350.25	-11.53
350.30	-11.41
350.35	-11.39
350.40	-11.34
350.45	-11.30
350.50	-11.21
350.55	-11.19
350.60	-11.14
350.65	-11.06
350.70	-11.05
350.75	-10.97
350.80	-10.96
350.85	-10.89
350.90	-10.84
350.95	-10.77
351.00	-10.74
351.05	-10.70
351.10	-10.66
351.15	-10.60
351.20	-10.55
351.25	-10.53
351.30	-10.45
351.35	-10.44
351.40	-10.38
351.45	-10.38
351.50	-10.27
351.55	-10.24
351.60	-10.22
351.65	-10.18
351.70	-10.10
351.75	-10.07
351.80	-10.02
351.85	-10.00
351.90	-9.96
351.94	-9.90
351.99	-9.84
352.04	-9.82
352.09	-9.80
352.14	-9.76
352.19	-9.72
352.24	-9.66
352.29	-9.63
352.34	-9.57
352.39	-9.57
352.44	-9.53
352.49	-9.47
352.54	-9.45
352.59	-9.42
352.64	-9.38
352.69	-9.34
352.74	-9.33
352.79	-9.29
352.84	-9.24
352.89	-9.21
352.94	-9.18
352.99	-9.15
353.04	-9.11
353.09	-9.07
353.14	-9.05
353.19	-9.01
353.24	-8.99
353.29	-8.98
353.34	-8.91
353.39	-8.88
353.44	-8.86
353.49	-8.82
353.54	-8.77
353.59	-8.78
353.64	-8.74
353.69	-8.69
353.73	-8.68
353.78	-8.65
353.83	-8.61
353.88	-8.61
353.93	-8.56
353.98	-8.52
354.03	-8.50
354.08	-8.47
354.13	-8.44
354.18	-8.43
354.23	-8.38
354.28	-8.37
354.33	-8.34
354.38	-8.32
354.43	-8.31
354.48	-8.26
354.53	-8.22
354.58	-8.20
354.63	-8.16
354.68	-8.17
354.73	-8.13
354.78	-8.10
354.83	-8.09
354.88	-8.05
354.93	-8.04
354.98	-8.02
355.03	-7.99
355.08	-7.98
355.13	-7.95
355.18	-7.93
355.23	-7.88
355.28	-7.87
355.33	-7.86
355.38	-7.84
355.43	-7.80
355.48	-7.80
355.52	-7.76
355.57	-7.77
355.62	-7.74
355.67	-7.74
355.72	-7.70
355.77	-7.66
355.82	-7.64
355.87	-7.63
355.92	-7.60
355.97	-7.61
356.02	-7.59
356.07	-7.56
356.12	-7.53
356.17	-7.55
356.22	-7.50
356.27	-7.47
356.32	-7.49
356.37	-7.45
356.42	-7.43
356.47	-7.42
356.52	-7.42
356.57	-7.39
356.62	-7.37
356.67	-7.37
356.72	-7.34
356.77	-7.31
356.82	-7.30
356.87	-7.29
356.92	-7.25
356.97	-7.26
357.02	-7.23
357.07	-7.24
357.12	-7.21
357.17	-7.20
357.22	-7.19
357.27	-7.19
357.31	-7.16
357.36	-7.16
357.41	-7.15
357.46	-7.14
357.51	-7.13
357.56	-7.10
357.61	-7.08
357.66	-7.07
357.71	-7.08
357.76	-7.07
357.81	-7.06
357.86	-7.03
357.91	-7.05
357.96	-7.02
358.01	-7.03
358.06	-7.01
358.11	-6.99
358.16	-6.99
358.21	-6.99
358.26	-6.97
358.31	-6.97
358.36	-6.98
358.41	-6.94
358.46	-6.94
358.51	-6.95
358.56	-6.93
358.61	-6.91
358.66	-6.91
358.71	-6.93
358.76	-6.91
358.81	-6.93
358.86	-6.90
358.91	-6.91
358.96	-6.91
359.01	-6.91
359.06	-6.89
359.10	-6.88
359.15	-6.87
359.20	-6.87
359.25	-6.88
359.30	-6.88
359.35	-6.87
359.40	-6.88
359.45	-6.87
359.50	-6.89
359.55	-6.87
359.60	-6.87
359.65	-6.85
359.70	-6.86
359.75	-6.87
359.80	-6.85
359.85	-6.86
359.90	-6.86
359.95	-6.84
359.75	-4.10
359.80	-4.11
359.85	-4.11
359.90	-4.11
359.95	-4.10
360.30	-7.15
360.35	-7.15
360.40	-7.14
360.45	-7.14
360.50	-7.18
360.55	-7.18
360.60	-7.16
360.65	-7.18
360.70	-7.18
360.75	-7.18
360.80	-7.18
360.85	-7.17
360.90	-7.18
360.94	-7.20
360.99	-7.18
361.04	-7.16
361.09	-7.22
361.14	-7.22
361.19	-7.22
361.24	-7.22
361.29	-7.24
361.34	-7.23
361.39	-7.24
361.44	-7.25
361.49	-7.28
361.54	-7.27
361.59	-7.28
361.64	-7.28
361.69	-7.29
361.74	-7.29
361.79	-7.32
361.84	-7.33
361.89	-7.34
361.94	-7.34
361.99	-7.36
362.04	-7.37
362.09	-7.37
362.14	-7.37
362.19	-7.39
362.24	-7.39
362.29	-7.41
362.34	-7.40
362.39	-7.44
362.44	-7.46
362.49	-7.46
362.54	-7.47
362.59	-7.48
362.64	-7.49
362.69	-7.51
362.73	-7.53
362.78	-7.53
362.83	-7.54
362.88	-7.57
362.93	-7.58
362.98	-7.58
363.03	-7.60
363.08	-7.60
363.13	-7.64
363.18	-7.65
363.23	-7.67
363.28	-7.68
363.33	-7.70
363.38	-7.71
363.43	-7.73
363.48	-7.74
363.53	-7.76
363.58	-7.81
363.63	-7.79
363.68	-7.81
363.73	-7.85
363.78	-7.85
363.83	-7.88
363.88	-7.89
363.93	-7.91
363.98	-7.94
364.03	-7.96
364.08	-7.98
364.13	-7.99
364.18	-8.01
364.23	-8.02
364.28	-8.07
364.33	-8.08
364.38	-8.11
364.43	-8.13
364.48	-8.13
364.52	-8.16
364.57	-8.20
364.62	-8.24
364.67	-8.24
364.72	-8.28
364.77	-8.29
364.82	-8.32
364.87	-8.34
364.92	-8.38
364.97	-8.37
365.02	-8.41
365.07	-8.43
365.12	-8.45
365.17	-8.50
365.22	-8.52
365.27	-8.54
365.32	-8.58
365.37	-8.59
365.42	-8.64
365.47	-8.65
365.52	-8.68
365.57	-8.71
365.62	-8.73
365.67	-8.75
365.72	-8.78
365.77	-8.81
365.82	-8.83
365.87	-8.88

